<Anims>
 <anim name="halo" root="halo" numframes="2100" framerate="40">
  <frame idx="0" w="2" h="-2147483648" x="0.000000" y="4086191553218153747351823064236032.000000"/>
  <frame idx="25" w="2" h="-2147483648" x="0.000000" y="4086191553218153747351823064236032.000000"/>
  <frame idx="50" w="2" h="-2147483648" x="0.000000" y="4086191553218153747351823064236032.000000"/>
  <frame idx="75" w="2" h="-2147483648" x="0.000000" y="4086191553218153747351823064236032.000000"/>
  <frame idx="100" w="2" h="-2147483648" x="0.000000" y="4086191553218153747351823064236032.000000"/>
  <frame idx="125" w="2" h="-2147483648" x="0.000000" y="4086191553218153747351823064236032.000000"/>
  <frame idx="150" w="2" h="-2147483648" x="0.000000" y="4086191553218153747351823064236032.000000"/>
  <frame idx="175" w="2" h="-2147483648" x="0.000000" y="4086191553218153747351823064236032.000000"/>
  <frame idx="200" w="905" h="941" x="-309.267761" y="-398.233276">
   <element name="FX" layername="FX" frame="0" z_index="1" m_a="0.004823" m_b="0.037210" m_c="-0.397014" m_d="0.051464" m_tx="6.349990" m_ty="-327.800995"/>
   <element name="FX" layername="FX" frame="0" z_index="2" m_a="-0.030186" m_b="-0.011442" m_c="0.121539" m_d="-0.320645" m_tx="6.350000" m_ty="-327.800995"/>
   <element name="FX" layername="FX_2" frame="0" z_index="3" m_a="0.033131" m_b="-0.028937" m_c="0.163611" m_d="0.187325" m_tx="6.349990" m_ty="-327.800995"/>
  </frame>
  <frame idx="225" w="1125" h="1155" x="-324.185669" y="-359.519012">
   <element name="FX" layername="FX" frame="0" z_index="1" m_a="-0.021579" m_b="0.152506" m_c="-0.506909" m_d="-0.071726" m_tx="6.241975" m_ty="-337.797333"/>
   <element name="FX" layername="FX" frame="0" z_index="2" m_a="-0.115470" m_b="-0.085655" m_c="0.267496" m_d="-0.360607" m_tx="6.359823" m_ty="-337.639984"/>
   <element name="FX" layername="FX_2" frame="0" z_index="3" m_a="0.141462" m_b="-0.060713" m_c="0.160966" m_d="0.375053" m_tx="6.162328" m_ty="-338.651733"/>
  </frame>
  <frame idx="250" w="1340" h="1297" x="-300.294006" y="-310.593872">
   <element name="FX" layername="FX" frame="0" z_index="1" m_a="-0.094596" m_b="0.238453" m_c="-0.567170" m_d="-0.225001" m_tx="6.146940" m_ty="-346.592621"/>
   <element name="FX" layername="FX" frame="0" z_index="2" m_a="-0.153918" m_b="-0.186569" m_c="0.418337" m_d="-0.345125" m_tx="6.368461" m_ty="-346.296661"/>
   <element name="FX" layername="FX_2" frame="0" z_index="3" m_a="0.246570" m_b="-0.033647" m_c="0.073790" m_d="0.540744" m_tx="6.000331" m_ty="-348.018860"/>
  </frame>
  <frame idx="275" w="1495" h="1362" x="-267.948853" y="-256.639069">
   <element name="FX" layername="FX" frame="0" z_index="1" m_a="-0.189573" m_b="0.288092" m_c="-0.580418" m_d="-0.381933" m_tx="6.065040" m_ty="-354.172180"/>
   <element name="FX" layername="FX" frame="0" z_index="2" m_a="-0.150892" m_b="-0.289429" m_c="0.552220" m_d="-0.287896" m_tx="6.375902" m_ty="-353.756927"/>
   <element name="FX" layername="FX_2" frame="0" z_index="3" m_a="0.327411" m_b="0.030068" m_c="-0.060509" m_d="0.658881" m_tx="5.863908" m_ty="-355.907562"/>
  </frame>
  <frame idx="300" w="1588" h="1559" x="-232.339294" y="-256.011536">
   <element name="FX" layername="FX" frame="0" z_index="1" m_a="-0.287827" m_b="0.305638" m_c="-0.558107" m_d="-0.525584" m_tx="5.995540" m_ty="-360.604004"/>
   <element name="FX" layername="FX" frame="0" z_index="2" m_a="-0.118814" m_b="-0.379995" m_c="0.659531" m_d="-0.206217" m_tx="6.382220" m_ty="-360.088013"/>
   <element name="FX" layername="FX_2" frame="0" z_index="3" m_a="0.379550" m_b="0.108884" m_c="-0.208871" m_d="0.728083" m_tx="5.751150" m_ty="-362.428009"/>
  </frame>
  <frame idx="325" w="1626" h="1758" x="-200.772705" y="-281.932312">
   <element name="FX" layername="FX" frame="0" z_index="1" m_a="-0.369594" m_b="0.301164" m_c="-0.518726" m_d="-0.636590" m_tx="5.942760" m_ty="-365.488556"/>
   <element name="FX" layername="FX" frame="0" z_index="2" m_a="-0.075781" m_b="-0.446224" m_c="0.732367" m_d="-0.124375" m_tx="6.387022" m_ty="-364.896088"/>
   <element name="FX" layername="FX_2" frame="0" z_index="3" m_a="0.405051" m_b="0.178602" m_c="-0.333573" m_d="0.756508" m_tx="5.669532" m_ty="-367.147125"/>
  </frame>
  <frame idx="350" w="1633" h="1919" x="-170.934082" y="-310.186523">
   <element name="FX" layername="FX" frame="0" z_index="1" m_a="-0.442397" m_b="0.283934" m_c="-0.468856" m_d="-0.730523" m_tx="5.897408" m_ty="-369.685303"/>
   <element name="FX" layername="FX" frame="0" z_index="2" m_a="-0.026145" m_b="-0.498739" m_c="0.786314" m_d="-0.041220" m_tx="6.391145" m_ty="-369.027008"/>
   <element name="FX" layername="FX_2" frame="0" z_index="3" m_a="0.416584" m_b="0.242386" m_c="-0.444447" m_d="0.763862" m_tx="5.602477" m_ty="-371.024414"/>
  </frame>
  <frame idx="375" w="1624" h="2043" x="-139.641357" y="-337.197205">
   <element name="FX" layername="FX" frame="0" z_index="1" m_a="-0.502609" m_b="0.260084" m_c="-0.416653" m_d="-0.805177" m_tx="5.860101" m_ty="-373.137817"/>
   <element name="FX" layername="FX" frame="0" z_index="2" m_a="0.023086" m_b="-0.537436" m_c="0.823274" m_d="0.035364" m_tx="6.394536" m_ty="-372.425232"/>
   <element name="FX" layername="FX_2" frame="0" z_index="3" m_a="0.418977" m_b="0.294361" m_c="-0.533116" m_d="0.758807" m_tx="5.551146" m_ty="-373.992554"/>
  </frame>
  <frame idx="400" w="1611" h="2132" x="-108.748840" y="-360.127869">
   <element name="FX" layername="FX" frame="0" z_index="1" m_a="-0.548991" m_b="0.235309" m_c="-0.369004" m_d="-0.860909" m_tx="5.831010" m_ty="-375.830994"/>
   <element name="FX" layername="FX" frame="0" z_index="2" m_a="0.066441" m_b="-0.564062" m_c="0.846753" m_d="0.099739" m_tx="6.397180" m_ty="-375.075989"/>
   <element name="FX" layername="FX_2" frame="0" z_index="3" m_a="0.417148" m_b="0.331363" m_c="-0.595481" m_d="0.749642" m_tx="5.515820" m_ty="-376.035004"/>
  </frame>
  <frame idx="425" w="1598" h="2182" x="-89.968872" y="-374.210999">
   <element name="FX" layername="FX" frame="0" z_index="1" m_a="-0.575654" m_b="0.218302" m_c="-0.338361" m_d="-0.892247" m_tx="5.813988" m_ty="-377.406006"/>
   <element name="FX" layername="FX" frame="0" z_index="2" m_a="0.093711" m_b="-0.577985" m_c="0.858120" m_d="0.139130" m_tx="6.398732" m_ty="-376.626740"/>
   <element name="FX" layername="FX_2" frame="0" z_index="3" m_a="0.415906" m_b="0.343720" m_c="-0.616180" m_d="0.745586" m_tx="5.504188" m_ty="-376.707794"/>
  </frame>
  <frame idx="450" w="1617" h="2210" x="-87.523865" y="-381.914551">
   <element name="FX" layername="FX" frame="0" z_index="1" m_a="-0.591004" m_b="0.207512" m_c="-0.319535" m_d="-0.910052" m_tx="5.804006" m_ty="-378.325500"/>
   <element name="FX" layername="FX" frame="0" z_index="2" m_a="0.110251" m_b="-0.585500" m_c="0.863903" m_d="0.162674" m_tx="6.399590" m_ty="-377.531677"/>
   <element name="FX" layername="FX_2" frame="0" z_index="3" m_a="0.414862" m_b="0.355395" m_c="-0.635715" m_d="0.742086" m_tx="5.499956" m_ty="-377.483337"/>
  </frame>
  <frame idx="475" w="1675" h="2236" x="-99.183899" y="-392.722351">
   <element name="FX" layername="FX" frame="0" z_index="1" m_a="-0.610596" m_b="0.188771" m_c="-0.287472" m_d="-0.929855" m_tx="5.515069" m_ty="-377.792847"/>
   <element name="FX" layername="FX" frame="0" z_index="2" m_a="0.135420" m_b="-0.593755" m_c="0.861421" m_d="0.196467" m_tx="6.082744" m_ty="-376.984833"/>
   <element name="FX" layername="FX_2" frame="0" z_index="3" m_a="0.409882" m_b="0.379992" m_c="-0.671442" m_d="0.724256" m_tx="5.200926" m_ty="-377.183319"/>
  </frame>
  <frame idx="500" w="1782" h="2272" x="-125.857971" y="-417.488220">
   <element name="FX" layername="FX" frame="0" z_index="1" m_a="-0.650204" m_b="0.140757" m_c="-0.208953" m_d="-0.965221" m_tx="4.624940" m_ty="-374.958008"/>
   <element name="FX" layername="FX" frame="0" z_index="2" m_a="0.195021" m_b="-0.606657" m_c="0.842580" m_d="0.270864" m_tx="5.091600" m_ty="-374.125000"/>
   <element name="FX" layername="FX_2" frame="0" z_index="3" m_a="0.392354" m_b="0.432964" m_c="-0.740445" m_d="0.670995" m_tx="4.266600" m_ty="-374.475006"/>
  </frame>
  <frame idx="525" w="1878" h="2294" x="-151.995239" y="-441.534668">
   <element name="FX" layername="FX" frame="0" z_index="1" m_a="-0.684902" m_b="0.088912" m_c="-0.128926" m_d="-0.993129" m_tx="3.760999" m_ty="-372.207275"/>
   <element name="FX" layername="FX" frame="0" z_index="2" m_a="0.255927" m_b="-0.613383" m_c="0.818150" m_d="0.341363" m_tx="4.129622" m_ty="-371.349274"/>
   <element name="FX" layername="FX_2" frame="0" z_index="3" m_a="0.369381" m_b="0.484083" m_c="-0.803367" m_d="0.613012" m_tx="3.359769" m_ty="-371.846313"/>
  </frame>
  <frame idx="550" w="1967" h="2303" x="-178.688721" y="-465.875732">
   <element name="FX" layername="FX" frame="0" z_index="1" m_a="-0.715853" m_b="0.031065" m_c="-0.044031" m_d="-1.014654" m_tx="2.880273" m_ty="-369.402710"/>
   <element name="FX" layername="FX" frame="0" z_index="2" m_a="0.320523" m_b="-0.613932" m_c="0.787175" m_d="0.410971" m_tx="3.148958" m_ty="-368.519714"/>
   <element name="FX" layername="FX_2" frame="0" z_index="3" m_a="0.339851" m_b="0.535237" m_c="-0.862812" m_d="0.547847" m_tx="2.435322" m_ty="-369.166656"/>
  </frame>
  <frame idx="575" w="2046" h="2321" x="-205.507202" y="-497.285034">
   <element name="FX" layername="FX" frame="0" z_index="1" m_a="-0.741986" m_b="-0.032131" m_c="0.044558" m_d="-1.028943" m_tx="1.990126" m_ty="-366.567841"/>
   <element name="FX" layername="FX" frame="0" z_index="2" m_a="0.387724" m_b="-0.607634" m_c="0.749855" m_d="0.478473" m_tx="2.157804" m_ty="-365.659851"/>
   <element name="FX" layername="FX_2" frame="0" z_index="3" m_a="0.303746" m_b="0.585259" m_c="-0.917477" m_d="0.476166" m_tx="1.500984" m_ty="-366.458344"/>
  </frame>
  <frame idx="600" w="2115" h="2351" x="-231.953857" y="-536.031128">
   <element name="FX" layername="FX" frame="0" z_index="1" m_a="-0.762354" m_b="-0.099608" m_c="0.135285" m_d="-1.035409" m_tx="1.100020" m_ty="-363.733002"/>
   <element name="FX" layername="FX" frame="0" z_index="2" m_a="0.456129" m_b="-0.594129" m_c="0.706749" m_d="0.542590" m_tx="1.166690" m_ty="-362.799988"/>
   <element name="FX" layername="FX_2" frame="0" z_index="3" m_a="0.261437" m_b="0.632881" m_c="-0.966124" m_d="0.399096" m_tx="0.566686" m_ty="-363.750000"/>
  </frame>
  <frame idx="625" w="2169" h="2369" x="-257.081299" y="-573.741272">
   <element name="FX" layername="FX" frame="0" z_index="1" m_a="-0.776097" m_b="-0.168693" m_c="0.224740" m_d="-1.033949" m_tx="0.236054" m_ty="-360.982269"/>
   <element name="FX" layername="FX" frame="0" z_index="2" m_a="0.522960" m_b="-0.573894" m_c="0.659667" m_d="0.601120" m_tx="0.204684" m_ty="-360.024261"/>
   <element name="FX" layername="FX_2" frame="0" z_index="3" m_a="0.214583" m_b="0.676143" m_c="-1.007096" m_d="0.319615" m_tx="-0.340171" m_ty="-361.121307"/>
  </frame>
  <frame idx="650" w="2213" h="2405" x="-281.965942" y="-583.699341">
   <element name="FX" layername="FX" frame="0" z_index="1" m_a="-0.783525" m_b="-0.242178" m_c="0.316637" m_d="-1.024426" m_tx="-0.644655" m_ty="-358.177704"/>
   <element name="FX" layername="FX" frame="0" z_index="2" m_a="0.590778" m_b="-0.545877" m_c="0.606683" m_d="0.656586" m_tx="-0.775971" m_ty="-357.194702"/>
   <element name="FX" layername="FX_2" frame="0" z_index="3" m_a="0.161168" m_b="0.716578" m_c="-1.042075" m_d="0.234377" m_tx="-1.264608" m_ty="-358.441650"/>
  </frame>
  <frame idx="675" w="2241" h="2459" x="-305.660522" y="-568.980347">
   <element name="FX" layername="FX" frame="0" z_index="1" m_a="-0.783894" m_b="-0.319035" m_c="0.409625" m_d="-1.006480" m_tx="-1.051965" m_ty="-357.116669"/>
   <element name="FX" layername="FX" frame="0" z_index="2" m_a="0.658273" m_b="-0.509976" m_c="0.548486" m_d="0.707981" m_tx="-1.286317" m_ty="-356.114716"/>
   <element name="FX" layername="FX_2" frame="0" z_index="3" m_a="0.101799" m_b="0.753032" m_c="-1.070059" m_d="0.144656" m_tx="-1.718134" m_ty="-357.509094"/>
  </frame>
  <frame idx="700" w="2257" h="2504" x="-327.160278" y="-556.959778">
   <element name="FX" layername="FX" frame="0" z_index="1" m_a="-0.776722" m_b="-0.397914" m_c="0.502114" m_d="-0.980119" m_tx="-0.433292" m_ty="-359.825012"/>
   <element name="FX" layername="FX" frame="0" z_index="2" m_a="0.723991" m_b="-0.466518" m_c="0.486115" m_d="0.754404" m_tx="-0.774966" m_ty="-358.816986"/>
   <element name="FX" layername="FX_2" frame="0" z_index="3" m_a="0.037529" m_b="0.784453" m_c="-1.090333" m_d="0.052163" m_tx="-1.149960" m_ty="-360.350006"/>
  </frame>
  <frame idx="725" w="2279" h="2534" x="-353.398987" y="-544.222412">
   <element name="FX" layername="FX" frame="0" z_index="1" m_a="-0.762150" m_b="-0.475515" m_c="0.590439" m_d="-0.946348" m_tx="0.167178" m_ty="-362.453674"/>
   <element name="FX" layername="FX" frame="0" z_index="2" m_a="0.785143" m_b="-0.417003" m_c="0.421818" m_d="0.794209" m_tx="-0.278659" m_ty="-361.439056"/>
   <element name="FX" layername="FX_2" frame="0" z_index="3" m_a="-0.029340" m_b="0.809538" m_c="-1.102290" m_d="-0.039950" m_tx="-0.598509" m_ty="-363.107361"/>
  </frame>
  <frame idx="750" w="2318" h="2550" x="-388.258606" y="-530.151123">
   <element name="FX" layername="FX" frame="0" z_index="1" m_a="-0.739362" m_b="-0.554904" m_c="0.678235" m_d="-0.903690" m_tx="0.779315" m_ty="-365.133331"/>
   <element name="FX" layername="FX" frame="0" z_index="2" m_a="0.844007" m_b="-0.359251" m_c="0.352924" m_d="0.829144" m_tx="0.227290" m_ty="-364.112457"/>
   <element name="FX" layername="FX_2" frame="0" z_index="3" m_a="-0.101559" m_b="0.829072" m_c="-1.106404" m_d="-0.135532" m_tx="-0.036344" m_ty="-365.918182"/>
  </frame>
  <frame idx="775" w="2488" h="2559" x="-386.163086" y="-483.475891">
   <element name="FX" layername="FX" frame="0" z_index="1" m_a="-0.649254" m_b="-0.693957" m_c="0.866037" m_d="-0.810248" m_tx="1.110327" m_ty="-366.873260"/>
   <element name="FX" layername="FX" frame="0" z_index="2" m_a="0.920223" m_b="-0.213258" m_c="0.211976" m_d="0.914691" m_tx="0.366158" m_ty="-365.946014"/>
   <element name="FX" layername="FX_2" frame="0" z_index="3" m_a="-0.251190" m_b="0.822264" m_c="-1.117170" m_d="-0.341279" m_tx="0.350026" m_ty="-367.850006"/>
  </frame>
  <frame idx="800" w="2837" h="2422" x="-255.274658" y="-307.688843">
   <element name="FX" layername="FX" frame="0" z_index="1" m_a="-0.382647" m_b="-0.908125" m_c="1.266598" m_d="-0.533693" m_tx="0.840848" m_ty="-366.533630"/>
   <element name="FX" layername="FX" frame="0" z_index="2" m_a="0.971811" m_b="0.122725" m_c="-0.136334" m_d="1.079574" m_tx="-0.274070" m_ty="-365.925415"/>
   <element name="FX" layername="FX_2" frame="0" z_index="3" m_a="-0.539437" m_b="0.709848" m_c="-1.077861" m_d="-0.819102" m_tx="0.350026" m_ty="-367.850006"/>
  </frame>
  <frame idx="825" w="3351" h="3396" x="-49.582520" y="-338.379272">
   <element name="FX" layername="FX" frame="0" z_index="1" m_a="-0.116090" m_b="-1.089986" m_c="1.877112" m_d="-0.199923" m_tx="0.650888" m_ty="-366.034882"/>
   <element name="FX" layername="FX" frame="0" z_index="2" m_a="0.995626" m_b="0.442588" m_c="-0.607081" m_d="1.365662" m_tx="-0.822819" m_ty="-365.845612"/>
   <element name="FX" layername="FX_2" frame="0" z_index="3" m_a="-0.802330" m_b="0.582892" m_c="-1.092852" m_d="-1.504270" m_tx="0.350026" m_ty="-367.850006"/>
  </frame>
  <frame idx="850" w="3511" h="4813" x="382.093872" y="-567.199463">
   <element name="FX" layername="FX" frame="0" z_index="1" m_a="0.179482" m_b="-1.177612" m_c="2.518876" m_d="0.383906" m_tx="70.930511" m_ty="-382.631226"/>
   <element name="FX" layername="FX" frame="0" z_index="2" m_a="0.923919" m_b="0.740515" m_c="-1.261583" m_d="1.574040" m_tx="69.289413" m_ty="-383.027405"/>
   <element name="FX" layername="FX_2" frame="0" z_index="3" m_a="-1.004419" m_b="0.390661" m_c="-0.909721" m_d="-2.338963" m_tx="70.999817" m_ty="-385.017090"/>
  </frame>
  <frame idx="875" w="4767" h="5829" x="72.752197" y="-880.536133">
   <element name="FX" layername="FX" frame="0" z_index="1" m_a="0.772708" m_b="-0.923070" m_c="2.320684" m_d="1.942659" m_tx="89.485489" m_ty="-387.730103"/>
   <element name="FX" layername="FX" frame="0" z_index="2" m_a="0.409663" m_b="1.124257" m_c="-2.251254" m_d="0.820324" m_tx="88.487854" m_ty="-388.892303"/>
   <element name="FX" layername="FX_2" frame="0" z_index="3" m_a="-1.072515" m_b="-0.189382" m_c="0.518351" m_d="-2.935543" m_tx="90.781761" m_ty="-389.823883"/>
  </frame>
  <frame idx="900" w="5310" h="6099" x="-310.749268" y="-181.018066">
   <element name="FX" layername="FX" frame="0" z_index="1" m_a="1.237285" m_b="-0.346961" m_c="0.914873" m_d="3.262501" m_tx="88.103523" m_ty="-388.227448"/>
   <element name="FX" layername="FX" frame="0" z_index="2" m_a="-0.309447" m_b="1.188819" m_c="-2.588920" m_d="-0.673891" m_tx="87.784149" m_ty="-390.047150"/>
   <element name="FX" layername="FX_2" frame="0" z_index="3" m_a="-0.818167" m_b="-0.807413" m_c="2.337528" m_d="-2.368660" m_tx="90.717583" m_ty="-390.060638"/>
  </frame>
  <frame idx="925" w="5473" h="5838" x="-126.764404" y="-21.383057">
   <element name="FX" layername="FX" frame="0" z_index="1" m_a="2.095362" m_b="-0.197589" m_c="0.320446" m_d="3.398223" m_tx="88.028435" m_ty="-387.769470"/>
   <element name="FX" layername="FX" frame="0" z_index="2" m_a="-0.732714" m_b="1.462737" m_c="-2.354644" m_d="-1.179488" m_tx="86.329964" m_ty="-388.935608"/>
   <element name="FX" layername="FX_2" frame="0" z_index="3" m_a="-0.980802" m_b="-1.487669" m_c="2.732458" m_d="-1.801477" m_tx="90.182732" m_ty="-392.033447"/>
  </frame>
  <frame idx="950" w="5778" h="5761" x="-46.604980" y="59.878174">
   <element name="FX" layername="FX" frame="0" z_index="1" m_a="2.738692" m_b="0.134427" m_c="-0.168281" m_d="3.428403" m_tx="87.944084" m_ty="-387.410858"/>
   <element name="FX" layername="FX" frame="0" z_index="2" m_a="-1.170721" m_b="1.624545" m_c="-2.244231" m_d="-1.617294" m_tx="85.515625" m_ty="-388.313141"/>
   <element name="FX" layername="FX_2" frame="0" z_index="3" m_a="-0.987257" m_b="-2.192183" m_c="3.023614" m_d="-1.361696" m_tx="90.073212" m_ty="-392.936615"/>
  </frame>
  <frame idx="975" w="6322" h="5959" x="-47.673828" y="84.124512">
   <element name="FX" layername="FX" frame="0" z_index="1" m_a="3.113849" m_b="0.457539" m_c="-0.500745" m_d="3.407894" m_tx="87.847954" m_ty="-387.178680"/>
   <element name="FX" layername="FX" frame="0" z_index="2" m_a="-1.529748" m_b="1.739609" m_c="-2.343648" m_d="-2.060918" m_tx="85.515625" m_ty="-388.313141"/>
   <element name="FX" layername="FX_2" frame="0" z_index="3" m_a="-0.966037" m_b="-2.854750" m_c="3.300461" m_d="-1.116864" m_tx="90.505028" m_ty="-392.478363"/>
  </frame>
  <frame idx="1000" w="6215" h="5836" x="73.345459" y="200.170410">
   <element name="FX" layername="FX" frame="0" z_index="1" m_a="3.093122" m_b="0.924550" m_c="-0.987135" m_d="3.302504" m_tx="78.421333" m_ty="-383.587006"/>
   <element name="FX" layername="FX" frame="0" z_index="2" m_a="-1.812242" m_b="1.541802" m_c="-2.068276" m_d="-2.431062" m_tx="76.383202" m_ty="-384.888489"/>
   <element name="FX" layername="FX_2" frame="0" z_index="3" m_a="-0.566749" m_b="-3.084037" m_c="3.460016" m_d="-0.635843" m_tx="81.452110" m_ty="-388.209625"/>
  </frame>
  <frame idx="1025" w="5824" h="6281" x="217.949707" y="93.353516">
   <element name="FX" layername="FX" frame="0" z_index="1" m_a="2.911236" m_b="1.395314" m_c="-1.489766" m_d="3.108305" m_tx="66.662086" m_ty="-379.155426"/>
   <element name="FX" layername="FX" frame="0" z_index="2" m_a="-2.030386" m_b="1.240525" m_c="-1.664124" m_d="-2.723696" m_tx="64.967682" m_ty="-380.607666"/>
   <element name="FX" layername="FX_2" frame="0" z_index="3" m_a="-0.079179" m_b="-3.134680" m_c="3.516833" m_d="-0.088832" m_tx="70.028008" m_ty="-382.988281"/>
  </frame>
  <frame idx="1050" w="5395" h="6583" x="445.018555" y="-25.240479">
   <element name="FX" layername="FX" frame="0" z_index="1" m_a="2.658204" m_b="1.831979" m_c="-1.955991" m_d="2.838145" m_tx="54.902843" m_ty="-374.723816"/>
   <element name="FX" layername="FX" frame="0" z_index="2" m_a="-2.198912" m_b="0.908933" m_c="-1.219304" m_d="-2.949767" m_tx="53.552155" m_ty="-376.326843"/>
   <element name="FX" layername="FX_2" frame="0" z_index="3" m_a="0.410327" m_b="-3.108717" m_c="3.487705" m_d="0.460350" m_tx="58.603909" m_ty="-377.766937"/>
  </frame>
  <frame idx="1075" w="5542" h="6735" x="467.737549" y="-152.607666">
   <element name="FX" layername="FX" frame="0" z_index="1" m_a="2.340210" m_b="2.223874" m_c="-2.374414" m_d="2.498625" m_tx="43.143597" m_ty="-370.292236"/>
   <element name="FX" layername="FX" frame="0" z_index="2" m_a="-2.313700" m_b="0.555128" m_c="-0.744685" m_d="-3.103751" m_tx="42.136627" m_ty="-372.046021"/>
   <element name="FX" layername="FX_2" frame="0" z_index="3" m_a="0.889804" m_b="-3.006782" m_c="3.373343" m_d="0.998282" m_tx="47.179806" m_ty="-372.545593"/>
  </frame>
  <frame idx="1100" w="6099" h="6731" x="310.825195" y="-285.528320">
   <element name="FX" layername="FX" frame="0" z_index="1" m_a="1.965026" m_b="2.561420" m_c="-2.734809" m_d="2.098044" m_tx="31.384357" m_ty="-365.860657"/>
   <element name="FX" layername="FX" frame="0" z_index="2" m_a="-2.371944" m_b="0.187756" m_c="-0.251868" m_d="-3.181885" m_tx="30.721104" m_ty="-367.765198"/>
   <element name="FX" layername="FX_2" frame="0" z_index="3" m_a="1.347537" m_b="-2.831366" m_c="3.176542" m_d="1.511817" m_tx="35.755707" m_ty="-367.324249"/>
  </frame>
  <frame idx="1125" w="6512" h="6709" x="141.775635" y="-461.724854">
   <element name="FX" layername="FX" frame="0" z_index="1" m_a="1.541820" m_b="2.836369" m_c="-3.028370" m_d="1.646190" m_tx="19.625114" m_ty="-361.429077"/>
   <element name="FX" layername="FX" frame="0" z_index="2" m_a="-2.372223" m_b="-0.184205" m_c="0.247105" m_d="-3.182258" m_tx="19.305580" m_ty="-363.484375"/>
   <element name="FX" layername="FX_2" frame="0" z_index="3" m_a="1.772338" m_b="-2.586756" m_c="2.902111" m_d="1.988406" m_tx="24.331604" m_ty="-362.102905"/>
  </frame>
  <frame idx="1150" w="6772" h="6672" x="-35.562744" y="-677.577881">
   <element name="FX" layername="FX" frame="0" z_index="1" m_a="1.080933" m_b="3.042003" m_c="-3.247924" m_d="1.154105" m_tx="7.865868" m_ty="-356.997498"/>
   <element name="FX" layername="FX" frame="0" z_index="2" m_a="-2.314528" m_b="-0.551663" m_c="0.740038" m_d="-3.104863" m_tx="7.890053" m_ty="-359.203552"/>
   <element name="FX" layername="FX_2" frame="0" z_index="3" m_a="2.153826" m_b="-2.278930" m_c="2.556758" m_d="2.416402" m_tx="12.907501" m_ty="-356.881531"/>
  </frame>
  <frame idx="1175" w="6872" h="6754" x="-217.139648" y="-637.748535">
   <element name="FX" layername="FX" frame="0" z_index="1" m_a="0.593630" m_b="3.173295" m_c="-3.388104" m_d="0.633815" m_tx="-3.893379" m_ty="-352.565918"/>
   <element name="FX" layername="FX" frame="0" z_index="2" m_a="-2.200270" m_b="-0.905640" m_c="1.214886" m_d="-2.951590" m_tx="-3.525475" m_ty="-354.922729"/>
   <element name="FX" layername="FX_2" frame="0" z_index="3" m_a="2.482677" m_b="-1.915411" m_c="2.148922" m_d="2.785344" m_tx="1.483406" m_ty="-351.660187"/>
  </frame>
  <frame idx="1200" w="6794" h="6797" x="-399.769775" y="-471.160400">
   <element name="FX" layername="FX" frame="0" z_index="1" m_a="0.084235" m_b="3.225509" m_c="-3.437516" m_d="0.089771" m_tx="-15.606839" m_ty="-348.141693"/>
   <element name="FX" layername="FX" frame="0" z_index="2" m_a="-2.028254" m_b="-1.241563" m_c="1.662452" m_d="-2.715830" m_tx="-14.905428" m_ty="-350.628937"/>
   <element name="FX" layername="FX_2" frame="0" z_index="3" m_a="2.752887" m_b="-1.497845" m_c="1.677358" m_d="3.082814" m_tx="-9.950061" m_ty="-346.463837"/>
  </frame>
  <frame idx="1225" w="6547" h="6303" x="-715.119873" y="-267.534912">
   <element name="FX" layername="FX" frame="0" z_index="1" m_a="-0.597437" m_b="3.126687" m_c="-3.176487" m_d="-0.606952" m_tx="-26.221601" m_ty="-343.894226"/>
   <element name="FX" layername="FX" frame="0" z_index="2" m_a="-1.693752" m_b="-1.623435" m_c="2.072198" m_d="-2.161952" m_tx="-25.431744" m_ty="-346.023682"/>
   <element name="FX" layername="FX_2" frame="0" z_index="3" m_a="2.968557" m_b="-0.864535" m_c="0.922906" m_d="3.168986" m_tx="-21.608242" m_ty="-341.867065"/>
  </frame>
  <frame idx="1250" w="6410" h="5601" x="-733.950684" y="-101.537842">
   <element name="FX" layername="FX" frame="0" z_index="1" m_a="-1.233456" m_b="2.887482" m_c="-2.785700" m_d="-1.189978" m_tx="-36.836365" m_ty="-339.646759"/>
   <element name="FX" layername="FX" frame="0" z_index="2" m_a="-1.290753" m_b="-1.920775" m_c="2.328227" m_d="-1.564559" m_tx="-35.958061" m_ty="-341.418396"/>
   <element name="FX" layername="FX_2" frame="0" z_index="3" m_a="3.042626" m_b="-0.208693" m_c="0.211561" m_d="3.084437" m_tx="-33.266426" m_ty="-337.270294"/>
  </frame>
  <frame idx="1275" w="6176" h="4856" x="-608.630371" y="120.165527">
   <element name="FX" layername="FX" frame="0" z_index="1" m_a="-1.795721" m_b="2.522691" m_c="-2.301050" m_d="-1.637951" m_tx="-47.451126" m_ty="-335.399292"/>
   <element name="FX" layername="FX" frame="0" z_index="2" m_a="-0.839681" m_b="-2.122142" m_c="2.432037" m_d="-0.962299" m_tx="-46.484375" m_ty="-336.813141"/>
   <element name="FX" layername="FX_2" frame="0" z_index="3" m_a="2.975478" m_b="0.438832" m_c="-0.420603" m_d="2.851878" m_tx="-44.924610" m_ty="-332.673523"/>
  </frame>
  <frame idx="1300" w="5720" h="4696" x="-499.895752" y="144.881836">
   <element name="FX" layername="FX" frame="0" z_index="1" m_a="-2.260302" m_b="2.052558" m_c="-1.761172" m_d="-1.939424" m_tx="-58.065887" m_ty="-331.151825"/>
   <element name="FX" layername="FX" frame="0" z_index="2" m_a="-0.362649" m_b="-2.220857" m_c="2.394201" m_d="-0.390954" m_tx="-57.010689" m_ty="-332.207886"/>
   <element name="FX" layername="FX_2" frame="0" z_index="3" m_a="2.774053" m_b="1.048398" m_c="-0.945246" m_d="2.501112" m_tx="-56.582794" m_ty="-328.076752"/>
  </frame>
  <frame idx="1325" w="5123" h="4839" x="-386.389648" y="9.719727">
   <element name="FX" layername="FX" frame="0" z_index="1" m_a="-2.608459" m_b="1.501679" m_c="-1.204909" m_d="-2.092963" m_tx="-68.680649" m_ty="-326.904358"/>
   <element name="FX" layername="FX" frame="0" z_index="2" m_a="0.117618" m_b="-2.215197" m_c="2.233179" m_d="0.118573" m_tx="-67.537003" m_ty="-327.602631"/>
   <element name="FX" layername="FX_2" frame="0" z_index="3" m_a="2.451347" m_b="1.592928" m_c="-1.343030" m_d="2.066781" m_tx="-68.240974" m_ty="-323.480011"/>
  </frame>
  <frame idx="1350" w="4497" h="4732" x="-220.137695" y="-103.704346">
   <element name="FX" layername="FX" frame="0" z_index="1" m_a="-2.827379" m_b="0.897735" m_c="-0.668889" m_d="-2.106639" m_tx="-79.295418" m_ty="-322.656891"/>
   <element name="FX" layername="FX" frame="0" z_index="2" m_a="0.578864" m_b="-2.108342" m_c="1.973699" m_d="0.541896" m_tx="-78.063324" m_ty="-322.997345"/>
   <element name="FX" layername="FX_2" frame="0" z_index="3" m_a="2.025644" m_b="2.049108" m_c="-1.604292" m_d="1.585921" m_tx="-79.899162" m_ty="-318.883240"/>
  </frame>
  <frame idx="1375" w="3926" h="4413" x="-123.787842" y="-190.455322">
   <element name="FX" layername="FX" frame="0" z_index="1" m_a="-2.910617" m_b="0.270113" m_c="-0.185323" m_d="-1.996965" m_tx="-89.910179" m_ty="-318.409424"/>
   <element name="FX" layername="FX" frame="0" z_index="2" m_a="1.000334" m_b="-1.908092" m_c="1.644821" m_d="0.862311" m_tx="-88.589638" m_ty="-318.392090"/>
   <element name="FX" layername="FX_2" frame="0" z_index="3" m_a="1.519517" m_b="2.398385" m_c="-1.729086" m_d="1.095477" m_tx="-91.557343" m_ty="-314.286469"/>
  </frame>
  <frame idx="1400" w="3847" h="4185" x="-211.480591" y="-316.995361">
   <element name="FX" layername="FX" frame="0" z_index="1" m_a="-2.859678" m_b="-0.319280" m_c="0.200503" m_d="-1.795833" m_tx="-99.948494" m_ty="-314.351074"/>
   <element name="FX" layername="FX" frame="0" z_index="2" m_a="1.344158" m_b="-1.640374" m_c="1.294237" m_d="1.060526" m_tx="-98.545052" m_ty="-313.990753"/>
   <element name="FX" layername="FX_2" frame="0" z_index="3" m_a="0.987621" m_b="2.614552" m_c="-1.725055" m_d="0.651623" m_tx="-102.593567" m_ty="-309.899139"/>
  </frame>
  <frame idx="1425" w="3671" h="3990" x="-184.680542" y="-251.935547">
   <element name="FX" layername="FX" frame="0" z_index="1" m_a="-2.773018" m_b="-0.129076" m_c="0.081684" m_d="-1.754854" m_tx="-96.152122" m_ty="-314.831421"/>
   <element name="FX" layername="FX" frame="0" z_index="2" m_a="1.186885" m_b="-1.666760" m_c="1.324290" m_d="0.943015" m_tx="-94.798798" m_ty="-314.483978"/>
   <element name="FX" layername="FX_2" frame="0" z_index="3" m_a="1.124171" m_b="2.451122" m_c="-1.624358" m_d="0.744988" m_tx="-98.702721" m_ty="-310.538483"/>
  </frame>
  <frame idx="1450" w="3484" h="3824" x="-159.641357" y="-203.178223">
   <element name="FX" layername="FX" frame="0" z_index="1" m_a="-2.674153" m_b="0.048571" m_c="-0.030991" m_d="-1.706235" m_tx="-92.355743" m_ty="-315.311768"/>
   <element name="FX" layername="FX" frame="0" z_index="2" m_a="1.032395" m_b="-1.679663" m_c="1.344553" m_d="0.826422" m_tx="-91.052544" m_ty="-314.977203"/>
   <element name="FX" layername="FX_2" frame="0" z_index="3" m_a="1.243110" m_b="2.281716" m_c="-1.519234" m_d="0.827699" m_tx="-94.811882" m_ty="-311.177856"/>
  </frame>
  <frame idx="1475" w="3307" h="3735" x="-141.617310" y="-185.855103">
   <element name="FX" layername="FX" frame="0" z_index="1" m_a="-2.564345" m_b="0.212907" m_c="-0.137042" m_d="-1.650599" m_tx="-88.559372" m_ty="-315.792114"/>
   <element name="FX" layername="FX" frame="0" z_index="2" m_a="0.881773" m_b="-1.679594" m_c="1.355294" m_d="0.711519" m_tx="-87.306297" m_ty="-315.470428"/>
   <element name="FX" layername="FX_2" frame="0" z_index="3" m_a="1.344292" m_b="2.107967" m_c="-1.410662" m_d="0.899607" m_tx="-90.921043" m_ty="-311.817200"/>
  </frame>
  <frame idx="1500" w="3325" h="3632" x="-186.978027" y="-171.138550">
   <element name="FX" layername="FX" frame="0" z_index="1" m_a="-2.444899" m_b="0.363287" m_c="-0.236050" m_d="-1.588599" m_tx="-84.763000" m_ty="-316.272491"/>
   <element name="FX" layername="FX" frame="0" z_index="2" m_a="0.736047" m_b="-1.667145" m_c="1.356844" m_d="0.599048" m_tx="-83.560043" m_ty="-315.963654"/>
   <element name="FX" layername="FX_2" frame="0" z_index="3" m_a="1.427710" m_b="1.931499" m_c="-1.299622" m_d="0.960644" m_tx="-87.030197" m_ty="-312.456543"/>
  </frame>
  <frame idx="1525" w="3322" h="3514" x="-229.802734" y="-158.964478">
   <element name="FX" layername="FX" frame="0" z_index="1" m_a="-2.317157" m_b="0.499181" m_c="-0.327647" m_d="-1.520911" m_tx="-80.966621" m_ty="-316.752838"/>
   <element name="FX" layername="FX" frame="0" z_index="2" m_a="0.596178" m_b="-1.642989" m_c="1.349586" m_d="0.489713" m_tx="-79.813789" m_ty="-316.456879"/>
   <element name="FX" layername="FX_2" frame="0" z_index="3" m_a="1.493496" m_b="1.753915" m_c="-1.187085" m_d="1.010828" m_tx="-83.139359" m_ty="-313.095886"/>
  </frame>
  <frame idx="1550" w="3302" h="3383" x="-269.866211" y="-149.248901">
   <element name="FX" layername="FX" frame="0" z_index="1" m_a="-2.182487" m_b="0.620171" m_c="-0.411527" m_d="-1.448231" m_tx="-77.170250" m_ty="-317.233185"/>
   <element name="FX" layername="FX" frame="0" z_index="2" m_a="0.463064" m_b="-1.607870" m_c="1.333957" m_d="0.384177" m_tx="-76.067535" m_ty="-316.950104"/>
   <element name="FX" layername="FX_2" frame="0" z_index="3" m_a="1.541916" m_b="1.576785" m_c="-1.074005" m_d="1.050255" m_tx="-79.248520" m_ty="-313.735260"/>
  </frame>
  <frame idx="1575" w="3263" h="3242" x="-306.968872" y="-141.888306">
   <element name="FX" layername="FX" frame="0" z_index="1" m_a="-2.042275" m_b="0.725958" m_c="-0.487439" m_d="-1.371270" m_tx="-73.373871" m_ty="-317.713531"/>
   <element name="FX" layername="FX" frame="0" z_index="2" m_a="0.337523" m_b="-1.562597" m_c="1.310442" m_d="0.283057" m_tx="-72.321289" m_ty="-317.443329"/>
   <element name="FX" layername="FX_2" frame="0" z_index="3" m_a="1.573367" m_b="1.401636" m_c="-0.961319" m_d="1.079102" m_tx="-75.357674" m_ty="-314.374603"/>
  </frame>
  <frame idx="1600" w="3208" h="3091" x="-340.936523" y="-136.762451">
   <element name="FX" layername="FX" frame="0" z_index="1" m_a="-1.897915" m_b="0.816355" m_c="-0.555194" m_d="-1.290751" m_tx="-69.577499" m_ty="-318.193909"/>
   <element name="FX" layername="FX" frame="0" z_index="2" m_a="0.220298" m_b="-1.508040" m_c="1.279571" m_d="0.186922" m_tx="-68.575035" m_ty="-317.936554"/>
   <element name="FX" layername="FX_2" frame="0" z_index="3" m_a="1.588375" m_b="1.229939" m_c="-0.849931" m_d="1.097624" m_tx="-71.466835" m_ty="-315.013947"/>
  </frame>
  <frame idx="1625" w="3139" h="2933" x="-371.622925" y="-133.735107">
   <element name="FX" layername="FX" frame="0" z_index="1" m_a="-1.750799" m_b="0.891296" m_c="-0.614663" m_d="-1.207400" m_tx="-65.781128" m_ty="-318.674255"/>
   <element name="FX" layername="FX" frame="0" z_index="2" m_a="0.112046" m_b="-1.445120" m_c="1.241912" m_d="0.096290" m_tx="-64.828781" m_ty="-318.429779"/>
   <element name="FX" layername="FX_2" frame="0" z_index="3" m_a="1.587583" m_b="1.063102" m_c="-0.740715" m_d="1.106146" m_tx="-67.575989" m_ty="-315.653320"/>
  </frame>
  <frame idx="1650" w="3054" h="2768" x="-398.909180" y="-132.655884">
   <element name="FX" layername="FX" frame="0" z_index="1" m_a="-1.602310" m_b="0.950826" m_c="-0.665774" m_d="-1.121947" m_tx="-61.984749" m_ty="-319.154602"/>
   <element name="FX" layername="FX" frame="0" z_index="2" m_a="0.013339" m_b="-1.374805" m_c="1.198071" m_d="0.011624" m_tx="-61.082535" m_ty="-318.923004"/>
   <element name="FX" layername="FX_2" frame="0" z_index="3" m_a="1.571749" m_b="0.902460" m_c="-0.634503" m_d="1.105067" m_tx="-63.685154" m_ty="-316.292664"/>
  </frame>
  <frame idx="1675" w="2976" h="2599" x="-405.903931" y="-133.361694">
   <element name="FX" layername="FX" frame="0" z_index="1" m_a="-1.453811" m_b="0.995106" m_c="-0.708517" m_d="-1.035116" m_tx="-58.188377" m_ty="-319.634979"/>
   <element name="FX" layername="FX" frame="0" z_index="2" m_a="-0.075342" m_b="-1.298097" m_c="1.148682" m_d="-0.066670" m_tx="-57.336281" m_ty="-319.416199"/>
   <element name="FX" layername="FX_2" frame="0" z_index="3" m_a="1.541741" m_b="0.749263" m_c="-0.532081" m_d="1.094851" m_tx="-59.794312" m_ty="-316.932007"/>
  </frame>
  <frame idx="1700" w="2887" h="2426" x="-408.694946" y="-135.679199">
   <element name="FX" layername="FX" frame="0" z_index="1" m_a="-1.306639" m_b="1.024406" m_c="-0.742939" m_d="-0.947625" m_tx="-54.392002" m_ty="-320.115326"/>
   <element name="FX" layername="FX" frame="0" z_index="2" m_a="-0.153606" m_b="-1.216030" m_c="1.094406" m_d="-0.138243" m_tx="-53.590031" m_ty="-319.909424"/>
   <element name="FX" layername="FX_2" frame="0" z_index="3" m_a="1.498521" m_b="0.604673" m_c="-0.434189" m_d="1.076022" m_tx="-55.903469" m_ty="-317.571350"/>
  </frame>
  <frame idx="1725" w="2787" h="2252" x="-410.290283" y="-139.425293">
   <element name="FX" layername="FX" frame="0" z_index="1" m_a="-1.162092" m_b="1.039106" m_c="-0.769144" m_d="-0.860178" m_tx="-50.595627" m_ty="-320.595673"/>
   <element name="FX" layername="FX" frame="0" z_index="2" m_a="-0.221158" m_b="-1.129660" m_c="1.035925" m_d="-0.202807" m_tx="-49.843777" m_ty="-320.402649"/>
   <element name="FX" layername="FX_2" frame="0" z_index="3" m_a="1.443144" m_b="0.469753" m_c="-0.341510" m_d="1.049163" m_tx="-52.012630" m_ty="-318.210724"/>
  </frame>
  <frame idx="1750" w="2675" h="2092" x="-410.731323" y="-148.336609">
   <element name="FX" layername="FX" frame="0" z_index="1" m_a="-1.021424" m_b="1.039687" m_c="-0.787292" m_d="-0.773463" m_tx="-46.799248" m_ty="-321.076019"/>
   <element name="FX" layername="FX" frame="0" z_index="2" m_a="-0.277798" m_b="-1.040056" m_c="0.973936" m_d="-0.260137" m_tx="-46.097523" m_ty="-320.895874"/>
   <element name="FX" layername="FX_2" frame="0" z_index="3" m_a="1.376747" m_b="0.345460" m_c="-0.254665" m_d="1.014907" m_tx="-48.121784" m_ty="-318.850067"/>
  </frame>
  <frame idx="1775" w="2555" h="2050" x="-410.066772" y="-193.958984">
   <element name="FX" layername="FX" frame="0" z_index="1" m_a="-0.885838" m_b="1.026734" m_c="-0.797598" m_d="-0.688145" m_tx="-43.002880" m_ty="-321.556396"/>
   <element name="FX" layername="FX" frame="0" z_index="2" m_a="-0.323419" m_b="-0.948294" m_c="0.909145" m_d="-0.310068" m_tx="-42.351276" m_ty="-321.389099"/>
   <element name="FX" layername="FX_2" frame="0" z_index="3" m_a="1.300538" m_b="0.232640" m_c="-0.174218" m_d="0.973935" m_tx="-44.230946" m_ty="-319.489410"/>
  </frame>
  <frame idx="1800" w="2426" h="1997" x="-408.352722" y="-235.948914">
   <element name="FX" layername="FX" frame="0" z_index="1" m_a="-0.756474" m_b="1.000923" m_c="-0.800326" m_d="-0.604868" m_tx="-39.206501" m_ty="-322.036743"/>
   <element name="FX" layername="FX" frame="0" z_index="2" m_a="-0.358012" m_b="-0.855446" m_c="0.842267" m_d="-0.352496" m_tx="-38.605019" m_ty="-321.882324"/>
   <element name="FX" layername="FX_2" frame="0" z_index="3" m_a="1.215789" m_b="0.132024" m_c="-0.100660" m_d="0.926970" m_tx="-40.340103" m_ty="-320.128784"/>
  </frame>
  <frame idx="1825" w="2293" h="1933" x="-405.652100" y="-274.053772">
   <element name="FX" layername="FX" frame="0" z_index="1" m_a="-0.634406" m_b="0.963022" m_c="-0.795793" m_d="-0.524241" m_tx="-35.410133" m_ty="-322.517090"/>
   <element name="FX" layername="FX" frame="0" z_index="2" m_a="-0.381659" m_b="-0.762576" m_c="0.774013" m_d="-0.387383" m_tx="-34.858772" m_ty="-322.375549"/>
   <element name="FX" layername="FX_2" frame="0" z_index="3" m_a="1.123821" m_b="0.044218" m_c="-0.034418" m_d="0.874767" m_tx="-36.449265" m_ty="-320.768127"/>
  </frame>
  <frame idx="1850" w="2154" h="1867" x="-402.034302" y="-301.304626">
   <element name="FX" layername="FX" frame="0" z_index="1" m_a="-0.520634" m_b="0.913882" m_c="-0.784359" m_d="-0.446846" m_tx="-31.613754" m_ty="-322.997437"/>
   <element name="FX" layername="FX" frame="0" z_index="2" m_a="-0.394538" m_b="-0.670730" m_c="0.705092" m_d="-0.414750" m_tx="-31.112518" m_ty="-322.868774"/>
   <element name="FX" layername="FX_2" frame="0" z_index="3" m_a="1.025998" m_b="-0.030292" m_c="0.024154" m_d="0.818112" m_tx="-32.558418" m_ty="-321.407471"/>
  </frame>
  <frame idx="1875" w="2013" h="1801" x="-397.574707" y="-317.466431">
   <element name="FX" layername="FX" frame="0" z_index="1" m_a="-0.416076" m_b="0.854431" m_c="-0.766432" m_d="-0.373224" m_tx="-27.817383" m_ty="-323.477814"/>
   <element name="FX" layername="FX" frame="0" z_index="2" m_a="-0.396915" m_b="-0.580928" m_c="0.636200" m_d="-0.434679" m_tx="-27.366272" m_ty="-323.362000"/>
   <element name="FX" layername="FX_2" frame="0" z_index="3" m_a="0.923713" m_b="-0.091148" m_c="0.074777" m_d="0.757813" m_tx="-28.667580" m_ty="-322.046814"/>
  </frame>
  <frame idx="1900" w="1870" h="1725" x="-392.354187" y="-332.317017">
   <element name="FX" layername="FX" frame="0" z_index="1" m_a="-0.321566" m_b="0.785668" m_c="-0.742457" m_d="-0.303880" m_tx="-24.021004" m_ty="-323.958160"/>
   <element name="FX" layername="FX" frame="0" z_index="2" m_a="-0.389145" m_b="-0.494157" m_c="0.568021" m_d="-0.447312" m_tx="-23.620010" m_ty="-323.855225"/>
   <element name="FX" layername="FX_2" frame="0" z_index="3" m_a="0.818380" m_b="-0.138121" m_c="0.117246" m_d="0.694693" m_tx="-24.776741" m_ty="-322.686188"/>
  </frame>
  <frame idx="1925" w="1732" h="1642" x="-383.623169" y="-345.786011">
   <element name="FX" layername="FX" frame="0" z_index="1" m_a="-0.237844" m_b="0.708654" m_c="-0.712918" m_d="-0.239275" m_tx="-20.224632" m_ty="-324.438507"/>
   <element name="FX" layername="FX" frame="0" z_index="2" m_a="-0.371668" m_b="-0.411366" m_c="0.501217" m_d="-0.452849" m_tx="-19.873764" m_ty="-324.348450"/>
   <element name="FX" layername="FX_2" frame="0" z_index="3" m_a="0.711419" m_b="-0.171113" m_c="0.151430" m_d="0.629587" m_tx="-20.885902" m_ty="-323.325531"/>
  </frame>
  <frame idx="1950" w="1611" h="1550" x="-360.726501" y="-357.815857">
   <element name="FX" layername="FX" frame="0" z_index="1" m_a="-0.165556" m_b="0.624504" m_c="-0.678331" m_d="-0.179825" m_tx="-16.428253" m_ty="-324.918854"/>
   <element name="FX" layername="FX" frame="0" z_index="2" m_a="-0.345004" m_b="-0.333453" m_c="0.436426" m_d="-0.451544" m_tx="-16.127510" m_ty="-324.841675"/>
   <element name="FX" layername="FX_2" frame="0" z_index="3" m_a="0.604249" m_b="-0.190152" m_c="0.177276" m_d="0.563332" m_tx="-16.995056" m_ty="-323.964874"/>
  </frame>
  <frame idx="1975" w="1488" h="1454" x="-341.929321" y="-368.362305">
   <element name="FX" layername="FX" frame="0" z_index="1" m_a="-0.105249" m_b="0.534385" m_c="-0.639244" m_d="-0.125901" m_tx="-12.631882" m_ty="-325.399231"/>
   <element name="FX" layername="FX" frame="0" z_index="2" m_a="-0.309750" m_b="-0.261268" m_c="0.374258" m_d="-0.443706" m_tx="-12.381264" m_ty="-325.334869"/>
   <element name="FX" layername="FX_2" frame="0" z_index="3" m_a="0.498274" m_b="-0.195399" m_c="0.194805" m_d="0.496761" m_tx="-13.104218" m_ty="-324.604248"/>
  </frame>
  <frame idx="2000" w="1364" h="1353" x="-327.234192" y="-377.394318">
   <element name="FX" layername="FX" frame="0" z_index="1" m_a="-0.057364" m_b="0.439497" m_c="-0.596229" m_d="-0.077822" m_tx="-8.835503" m_ty="-325.879578"/>
   <element name="FX" layername="FX" frame="0" z_index="2" m_a="-0.266572" m_b="-0.195598" m_c="0.315288" m_d="-0.429693" m_tx="-8.635010" m_ty="-325.828094"/>
   <element name="FX" layername="FX_2" frame="0" z_index="3" m_a="0.394872" m_b="-0.187136" m_c="0.204114" m_d="0.430698" m_tx="-9.213371" m_ty="-325.243591"/>
  </frame>
  <frame idx="2025" w="1242" h="1250" x="-316.605316" y="-384.894470">
   <element name="FX" layername="FX" frame="0" z_index="1" m_a="-0.022240" m_b="0.341074" m_c="-0.549881" m_d="-0.035856" m_tx="-5.039139" m_ty="-326.359924"/>
   <element name="FX" layername="FX" frame="0" z_index="2" m_a="-0.216207" m_b="-0.137166" m_c="0.260055" m_d="-0.409911" m_tx="-4.888756" m_ty="-326.321320"/>
   <element name="FX" layername="FX_2" frame="0" z_index="3" m_a="0.295389" m_b="-0.165773" m_c="0.205373" m_d="0.365952" m_tx="-5.322533" m_ty="-325.882935"/>
  </frame>
  <frame idx="2050" w="1124" h="1146" x="-309.968323" y="-390.859009">
   <element name="FX" layername="FX" frame="0" z_index="1" m_a="-0.000106" m_b="0.240373" m_c="-0.500811" m_d="-0.000220" m_tx="-1.242760" m_ty="-326.840271"/>
   <element name="FX" layername="FX" frame="0" z_index="2" m_a="-0.159447" m_b="-0.086624" m_c="0.209058" m_d="-0.384810" m_tx="-1.142502" m_ty="-326.814545"/>
   <element name="FX" layername="FX_2" frame="0" z_index="3" m_a="0.201120" m_b="-0.131838" m_c="0.198824" m_d="0.303308" m_tx="-1.431694" m_ty="-326.522278"/>
  </frame>
  <frame idx="2075" w="1017" h="1042" x="-309.201630" y="-395.297546">
   <element name="FX" layername="FX" frame="0" z_index="1" m_a="0.008919" m_b="0.138660" m_c="-0.449645" m_d="0.028923" m_tx="2.553612" m_ty="-327.320648"/>
   <element name="FX" layername="FX" frame="0" z_index="2" m_a="-0.097142" m_b="-0.044550" m_c="0.162751" m_d="-0.354879" m_tx="2.603745" m_ty="-327.307770"/>
   <element name="FX" layername="FX_2" frame="0" z_index="3" m_a="0.113309" m_b="-0.085975" m_c="0.184777" m_d="0.243524" m_tx="2.459145" m_ty="-327.161652"/>
  </frame>
 </anim>
</Anims>
