<Anims>
 <anim name="halo" root="halo" numframes="2100" framerate="40">
  <frame idx="0" w="2" h="-2147483648" x="0.000000" y="4086191553218153747351823064236032.000000"/>
  <frame idx="25" w="2" h="-2147483648" x="0.000000" y="4086191553218153747351823064236032.000000"/>
  <frame idx="50" w="2" h="-2147483648" x="0.000000" y="4086191553218153747351823064236032.000000"/>
  <frame idx="75" w="2" h="-2147483648" x="0.000000" y="4086191553218153747351823064236032.000000"/>
  <frame idx="100" w="2" h="-2147483648" x="0.000000" y="4086191553218153747351823064236032.000000"/>
  <frame idx="125" w="2" h="-2147483648" x="0.000000" y="4086191553218153747351823064236032.000000"/>
  <frame idx="150" w="2" h="-2147483648" x="0.000000" y="4086191553218153747351823064236032.000000"/>
  <frame idx="175" w="2" h="-2147483648" x="0.000000" y="4086191553218153747351823064236032.000000"/>
  <frame idx="200" w="905" h="941" x="-309.267761" y="-398.233276">
   <element name="FX" layername="FX" frame="0" z_index="2" m_a="0.004823" m_b="0.037210" m_c="-0.397014" m_d="0.051464" m_tx="6.349990" m_ty="-327.800995"/>
   <element name="FX" layername="FX" frame="0" z_index="3" m_a="-0.030186" m_b="-0.011442" m_c="0.121539" m_d="-0.320645" m_tx="6.350000" m_ty="-327.800995"/>
   <element name="FX" layername="FX_2" frame="0" z_index="4" m_a="0.033131" m_b="-0.028937" m_c="0.163611" m_d="0.187325" m_tx="6.349990" m_ty="-327.800995"/>
  </frame>
  <frame idx="225" w="1125" h="1155" x="-324.185669" y="-359.519012">
   <element name="FX" layername="FX" frame="0" z_index="2" m_a="-0.021579" m_b="0.152506" m_c="-0.506909" m_d="-0.071726" m_tx="6.241975" m_ty="-337.797333"/>
   <element name="FX" layername="FX" frame="0" z_index="3" m_a="-0.115470" m_b="-0.085655" m_c="0.267496" m_d="-0.360607" m_tx="6.359823" m_ty="-337.639984"/>
   <element name="FX" layername="FX_2" frame="0" z_index="4" m_a="0.141462" m_b="-0.060713" m_c="0.160966" m_d="0.375053" m_tx="6.162328" m_ty="-338.651733"/>
  </frame>
  <frame idx="250" w="1340" h="1297" x="-300.294006" y="-310.593872">
   <element name="FX" layername="FX" frame="0" z_index="2" m_a="-0.094596" m_b="0.238453" m_c="-0.567170" m_d="-0.225001" m_tx="6.146940" m_ty="-346.592621"/>
   <element name="FX" layername="FX" frame="0" z_index="3" m_a="-0.153918" m_b="-0.186569" m_c="0.418337" m_d="-0.345125" m_tx="6.368461" m_ty="-346.296661"/>
   <element name="FX" layername="FX_2" frame="0" z_index="4" m_a="0.246570" m_b="-0.033647" m_c="0.073790" m_d="0.540744" m_tx="6.000331" m_ty="-348.018860"/>
  </frame>
  <frame idx="275" w="1495" h="1362" x="-267.948853" y="-256.639069">
   <element name="FX" layername="FX" frame="0" z_index="2" m_a="-0.189573" m_b="0.288092" m_c="-0.580418" m_d="-0.381933" m_tx="6.065040" m_ty="-354.172180"/>
   <element name="FX" layername="FX" frame="0" z_index="3" m_a="-0.150892" m_b="-0.289429" m_c="0.552220" m_d="-0.287896" m_tx="6.375902" m_ty="-353.756927"/>
   <element name="FX" layername="FX_2" frame="0" z_index="4" m_a="0.327411" m_b="0.030068" m_c="-0.060509" m_d="0.658881" m_tx="5.863908" m_ty="-355.907562"/>
  </frame>
  <frame idx="300" w="1588" h="1559" x="-232.339294" y="-256.011536">
   <element name="FX" layername="FX" frame="0" z_index="2" m_a="-0.287827" m_b="0.305638" m_c="-0.558107" m_d="-0.525584" m_tx="5.995540" m_ty="-360.604004"/>
   <element name="FX" layername="FX" frame="0" z_index="3" m_a="-0.118814" m_b="-0.379995" m_c="0.659531" m_d="-0.206217" m_tx="6.382220" m_ty="-360.088013"/>
   <element name="FX" layername="FX_2" frame="0" z_index="4" m_a="0.379550" m_b="0.108884" m_c="-0.208871" m_d="0.728083" m_tx="5.751150" m_ty="-362.428009"/>
  </frame>
  <frame idx="325" w="1626" h="1758" x="-200.772705" y="-281.932312">
   <element name="FX" layername="FX" frame="0" z_index="2" m_a="-0.369594" m_b="0.301164" m_c="-0.518726" m_d="-0.636590" m_tx="5.942760" m_ty="-365.488556"/>
   <element name="FX" layername="FX" frame="0" z_index="3" m_a="-0.075781" m_b="-0.446224" m_c="0.732367" m_d="-0.124375" m_tx="6.387022" m_ty="-364.896088"/>
   <element name="FX" layername="FX_2" frame="0" z_index="4" m_a="0.405051" m_b="0.178602" m_c="-0.333573" m_d="0.756508" m_tx="5.669532" m_ty="-367.147125"/>
  </frame>
  <frame idx="350" w="1633" h="1919" x="-170.934082" y="-310.186523">
   <element name="FX" layername="FX" frame="0" z_index="2" m_a="-0.442397" m_b="0.283934" m_c="-0.468856" m_d="-0.730523" m_tx="5.897408" m_ty="-369.685303"/>
   <element name="FX" layername="FX" frame="0" z_index="3" m_a="-0.026145" m_b="-0.498739" m_c="0.786314" m_d="-0.041220" m_tx="6.391145" m_ty="-369.027008"/>
   <element name="FX" layername="FX_2" frame="0" z_index="4" m_a="0.416584" m_b="0.242386" m_c="-0.444447" m_d="0.763862" m_tx="5.602477" m_ty="-371.024414"/>
  </frame>
  <frame idx="375" w="1624" h="2043" x="-139.641357" y="-337.197205">
   <element name="FX" layername="FX" frame="0" z_index="2" m_a="-0.502609" m_b="0.260084" m_c="-0.416653" m_d="-0.805177" m_tx="5.860101" m_ty="-373.137817"/>
   <element name="FX" layername="FX" frame="0" z_index="3" m_a="0.023086" m_b="-0.537436" m_c="0.823274" m_d="0.035364" m_tx="6.394536" m_ty="-372.425232"/>
   <element name="FX" layername="FX_2" frame="0" z_index="4" m_a="0.418977" m_b="0.294361" m_c="-0.533116" m_d="0.758807" m_tx="5.551146" m_ty="-373.992554"/>
  </frame>
  <frame idx="400" w="1611" h="2132" x="-108.748840" y="-360.127869">
   <element name="FX" layername="FX" frame="0" z_index="2" m_a="-0.548991" m_b="0.235309" m_c="-0.369004" m_d="-0.860909" m_tx="5.831010" m_ty="-375.830994"/>
   <element name="FX" layername="FX" frame="0" z_index="3" m_a="0.066441" m_b="-0.564062" m_c="0.846753" m_d="0.099739" m_tx="6.397180" m_ty="-375.075989"/>
   <element name="FX" layername="FX_2" frame="0" z_index="4" m_a="0.417148" m_b="0.331363" m_c="-0.595481" m_d="0.749642" m_tx="5.515820" m_ty="-376.035004"/>
  </frame>
  <frame idx="425" w="1598" h="2182" x="-89.968872" y="-374.210999">
   <element name="FX" layername="FX" frame="0" z_index="2" m_a="-0.575654" m_b="0.218302" m_c="-0.338361" m_d="-0.892247" m_tx="5.813988" m_ty="-377.406006"/>
   <element name="FX" layername="FX" frame="0" z_index="3" m_a="0.093711" m_b="-0.577985" m_c="0.858120" m_d="0.139130" m_tx="6.398732" m_ty="-376.626740"/>
   <element name="FX" layername="FX_2" frame="0" z_index="4" m_a="0.415906" m_b="0.343720" m_c="-0.616180" m_d="0.745586" m_tx="5.504188" m_ty="-376.707794"/>
  </frame>
  <frame idx="450" w="1617" h="2210" x="-87.523865" y="-381.914551">
   <element name="FX" layername="FX" frame="0" z_index="2" m_a="-0.591004" m_b="0.207512" m_c="-0.319535" m_d="-0.910052" m_tx="5.804006" m_ty="-378.325500"/>
   <element name="FX" layername="FX" frame="0" z_index="3" m_a="0.110251" m_b="-0.585500" m_c="0.863903" m_d="0.162674" m_tx="6.399590" m_ty="-377.531677"/>
   <element name="FX" layername="FX_2" frame="0" z_index="4" m_a="0.414862" m_b="0.355395" m_c="-0.635715" m_d="0.742086" m_tx="5.499956" m_ty="-377.483337"/>
  </frame>
  <frame idx="475" w="1675" h="2236" x="-99.183899" y="-392.722351">
   <element name="FX" layername="FX" frame="0" z_index="2" m_a="-0.610596" m_b="0.188771" m_c="-0.287472" m_d="-0.929855" m_tx="5.515069" m_ty="-377.792847"/>
   <element name="FX" layername="FX" frame="0" z_index="3" m_a="0.135420" m_b="-0.593755" m_c="0.861421" m_d="0.196467" m_tx="6.082744" m_ty="-376.984833"/>
   <element name="FX" layername="FX_2" frame="0" z_index="4" m_a="0.409882" m_b="0.379992" m_c="-0.671442" m_d="0.724256" m_tx="5.200926" m_ty="-377.183319"/>
  </frame>
  <frame idx="500" w="1782" h="2272" x="-125.857971" y="-417.488220">
   <element name="FX" layername="FX" frame="0" z_index="2" m_a="-0.650204" m_b="0.140757" m_c="-0.208953" m_d="-0.965221" m_tx="4.624940" m_ty="-374.958008"/>
   <element name="FX" layername="FX" frame="0" z_index="3" m_a="0.195021" m_b="-0.606657" m_c="0.842580" m_d="0.270864" m_tx="5.091600" m_ty="-374.125000"/>
   <element name="FX" layername="FX_2" frame="0" z_index="4" m_a="0.392354" m_b="0.432964" m_c="-0.740445" m_d="0.670995" m_tx="4.266600" m_ty="-374.475006"/>
  </frame>
  <frame idx="525" w="1878" h="2294" x="-151.995239" y="-441.534668">
   <element name="FX" layername="FX" frame="0" z_index="2" m_a="-0.684902" m_b="0.088912" m_c="-0.128926" m_d="-0.993129" m_tx="3.760999" m_ty="-372.207275"/>
   <element name="FX" layername="FX" frame="0" z_index="3" m_a="0.255927" m_b="-0.613383" m_c="0.818150" m_d="0.341363" m_tx="4.129622" m_ty="-371.349274"/>
   <element name="FX" layername="FX_2" frame="0" z_index="4" m_a="0.369381" m_b="0.484083" m_c="-0.803367" m_d="0.613012" m_tx="3.359769" m_ty="-371.846313"/>
  </frame>
  <frame idx="550" w="1967" h="2303" x="-178.688721" y="-465.875732">
   <element name="FX" layername="FX" frame="0" z_index="2" m_a="-0.715853" m_b="0.031065" m_c="-0.044031" m_d="-1.014654" m_tx="2.880273" m_ty="-369.402710"/>
   <element name="FX" layername="FX" frame="0" z_index="3" m_a="0.320523" m_b="-0.613932" m_c="0.787175" m_d="0.410971" m_tx="3.148958" m_ty="-368.519714"/>
   <element name="FX" layername="FX_2" frame="0" z_index="4" m_a="0.339851" m_b="0.535237" m_c="-0.862812" m_d="0.547847" m_tx="2.435322" m_ty="-369.166656"/>
  </frame>
  <frame idx="575" w="2046" h="2321" x="-205.507202" y="-497.285034">
   <element name="FX" layername="FX" frame="0" z_index="2" m_a="-0.741986" m_b="-0.032131" m_c="0.044558" m_d="-1.028943" m_tx="1.990126" m_ty="-366.567841"/>
   <element name="FX" layername="FX" frame="0" z_index="3" m_a="0.387724" m_b="-0.607634" m_c="0.749855" m_d="0.478473" m_tx="2.157804" m_ty="-365.659851"/>
   <element name="FX" layername="FX_2" frame="0" z_index="4" m_a="0.303746" m_b="0.585259" m_c="-0.917477" m_d="0.476166" m_tx="1.500984" m_ty="-366.458344"/>
  </frame>
  <frame idx="600" w="2115" h="2351" x="-231.953857" y="-536.031128">
   <element name="FX" layername="FX" frame="0" z_index="2" m_a="-0.762354" m_b="-0.099608" m_c="0.135285" m_d="-1.035409" m_tx="1.100020" m_ty="-363.733002"/>
   <element name="FX" layername="FX" frame="0" z_index="3" m_a="0.456129" m_b="-0.594129" m_c="0.706749" m_d="0.542590" m_tx="1.166690" m_ty="-362.799988"/>
   <element name="FX" layername="FX_2" frame="0" z_index="4" m_a="0.261437" m_b="0.632881" m_c="-0.966124" m_d="0.399096" m_tx="0.566686" m_ty="-363.750000"/>
  </frame>
  <frame idx="625" w="2169" h="2369" x="-257.081299" y="-573.741272">
   <element name="FX" layername="FX" frame="0" z_index="2" m_a="-0.776097" m_b="-0.168693" m_c="0.224740" m_d="-1.033949" m_tx="0.236054" m_ty="-360.982269"/>
   <element name="FX" layername="FX" frame="0" z_index="3" m_a="0.522960" m_b="-0.573894" m_c="0.659667" m_d="0.601120" m_tx="0.204684" m_ty="-360.024261"/>
   <element name="FX" layername="FX_2" frame="0" z_index="4" m_a="0.214583" m_b="0.676143" m_c="-1.007096" m_d="0.319615" m_tx="-0.340171" m_ty="-361.121307"/>
  </frame>
  <frame idx="650" w="2213" h="2405" x="-281.965942" y="-583.699341">
   <element name="FX" layername="FX" frame="0" z_index="2" m_a="-0.783525" m_b="-0.242178" m_c="0.316637" m_d="-1.024426" m_tx="-0.644655" m_ty="-358.177704"/>
   <element name="FX" layername="FX" frame="0" z_index="3" m_a="0.590778" m_b="-0.545877" m_c="0.606683" m_d="0.656586" m_tx="-0.775971" m_ty="-357.194702"/>
   <element name="FX" layername="FX_2" frame="0" z_index="4" m_a="0.161168" m_b="0.716578" m_c="-1.042075" m_d="0.234377" m_tx="-1.264608" m_ty="-358.441650"/>
  </frame>
  <frame idx="675" w="2241" h="2459" x="-305.660522" y="-568.980347">
   <element name="FX" layername="FX" frame="0" z_index="2" m_a="-0.783894" m_b="-0.319035" m_c="0.409625" m_d="-1.006480" m_tx="-1.051965" m_ty="-357.116669"/>
   <element name="FX" layername="FX" frame="0" z_index="3" m_a="0.658273" m_b="-0.509976" m_c="0.548486" m_d="0.707981" m_tx="-1.286317" m_ty="-356.114716"/>
   <element name="FX" layername="FX_2" frame="0" z_index="4" m_a="0.101799" m_b="0.753032" m_c="-1.070059" m_d="0.144656" m_tx="-1.718134" m_ty="-357.509094"/>
  </frame>
  <frame idx="700" w="2257" h="2504" x="-327.160278" y="-556.959778">
   <element name="FX" layername="FX" frame="0" z_index="2" m_a="-0.776722" m_b="-0.397914" m_c="0.502114" m_d="-0.980119" m_tx="-0.433292" m_ty="-359.825012"/>
   <element name="FX" layername="FX" frame="0" z_index="3" m_a="0.723991" m_b="-0.466518" m_c="0.486115" m_d="0.754404" m_tx="-0.774966" m_ty="-358.816986"/>
   <element name="FX" layername="FX_2" frame="0" z_index="4" m_a="0.037529" m_b="0.784453" m_c="-1.090333" m_d="0.052163" m_tx="-1.149960" m_ty="-360.350006"/>
  </frame>
  <frame idx="725" w="2279" h="2534" x="-353.398987" y="-544.222412">
   <element name="FX" layername="FX" frame="0" z_index="2" m_a="-0.762150" m_b="-0.475515" m_c="0.590439" m_d="-0.946348" m_tx="0.167178" m_ty="-362.453674"/>
   <element name="FX" layername="FX" frame="0" z_index="3" m_a="0.785143" m_b="-0.417003" m_c="0.421818" m_d="0.794209" m_tx="-0.278659" m_ty="-361.439056"/>
   <element name="FX" layername="FX_2" frame="0" z_index="4" m_a="-0.029340" m_b="0.809538" m_c="-1.102290" m_d="-0.039950" m_tx="-0.598509" m_ty="-363.107361"/>
  </frame>
  <frame idx="750" w="2318" h="2550" x="-388.258606" y="-530.151123">
   <element name="FX" layername="FX" frame="0" z_index="2" m_a="-0.739362" m_b="-0.554904" m_c="0.678235" m_d="-0.903690" m_tx="0.779315" m_ty="-365.133331"/>
   <element name="FX" layername="FX" frame="0" z_index="3" m_a="0.844007" m_b="-0.359251" m_c="0.352924" m_d="0.829144" m_tx="0.227290" m_ty="-364.112457"/>
   <element name="FX" layername="FX_2" frame="0" z_index="4" m_a="-0.101559" m_b="0.829072" m_c="-1.106404" m_d="-0.135532" m_tx="-0.036344" m_ty="-365.918182"/>
  </frame>
  <frame idx="775" w="2361" h="2550" x="-408.289124" y="-514.822632">
   <element name="FX" layername="FX" frame="0" z_index="2" m_a="-0.708041" m_b="-0.634613" m_c="0.763888" m_d="-0.852273" m_tx="1.397998" m_ty="-367.841675"/>
   <element name="FX" layername="FX" frame="0" z_index="3" m_a="0.899115" m_b="-0.293664" m_c="0.280359" m_d="0.858378" m_tx="0.738651" m_ty="-366.814728"/>
   <element name="FX" layername="FX_2" frame="0" z_index="4" m_a="-0.178137" m_b="0.842104" m_c="-1.102074" m_d="-0.233130" m_tx="0.531835" m_ty="-368.759094"/>
  </frame>
  <frame idx="800" w="2440" h="2535" x="-383.356079" y="-498.398682">
   <element name="FX" layername="FX" frame="0" z_index="2" m_a="-0.668319" m_b="-0.712934" m_c="0.845654" m_d="-0.792734" m_tx="2.016650" m_ty="-370.549988"/>
   <element name="FX" layername="FX" frame="0" z_index="3" m_a="0.948999" m_b="-0.221167" m_c="0.205381" m_d="0.881260" m_tx="1.249990" m_ty="-369.516998"/>
   <element name="FX" layername="FX_2" frame="0" z_index="4" m_a="-0.257682" m_b="0.847917" m_c="-1.089070" m_d="-0.330968" m_tx="1.099990" m_ty="-371.600006"/>
  </frame>
  <frame idx="825" w="2504" h="2505" x="-357.897339" y="-481.425476">
   <element name="FX" layername="FX" frame="0" z_index="2" m_a="-0.621733" m_b="-0.786815" m_c="0.920579" m_d="-0.727433" m_tx="2.617135" m_ty="-373.178680"/>
   <element name="FX" layername="FX" frame="0" z_index="3" m_a="0.991679" m_b="-0.144596" m_c="0.130821" m_d="0.897206" m_tx="1.746314" m_ty="-372.139069"/>
   <element name="FX" layername="FX_2" frame="0" z_index="4" m_a="-0.337089" m_b="0.846263" m_c="-1.068070" m_d="-0.425440" m_tx="1.651453" m_ty="-374.357361"/>
  </frame>
  <frame idx="850" w="2104" h="2074" x="-90.188477" y="-314.630249">
   <element name="FX" layername="FX" frame="0" z_index="2" m_a="-0.402692" m_b="-0.423198" m_c="0.502047" m_d="-0.477720" m_tx="107.360519" m_ty="-477.696655"/>
   <element name="FX" layername="FX" frame="0" z_index="3" m_a="0.490024" m_b="-0.904806" m_c="0.921637" m_d="0.499139" m_tx="2.761373" m_ty="-375.321564"/>
   <element name="FX" layername="FX_2" frame="0" z_index="4" m_a="0.514355" m_b="0.837544" m_c="-0.882395" m_d="0.541899" m_tx="2.213631" m_ty="-375.980316"/>
  </frame>
  <frame idx="875" w="2598" h="2405" x="-309.203613" y="-441.361938">
   <element name="FX" layername="FX" frame="2" z_index="1" m_a="-0.106145" m_b="-0.085899" m_c="0.117533" m_d="-0.145234" m_tx="29.772186" m_ty="-415.189514"/>
   <element name="FX" layername="FX" frame="0" z_index="2" m_a="-0.505889" m_b="-0.893666" m_c="1.049480" m_d="-0.594093" m_tx="3.884411" m_ty="-378.642548"/>
   <element name="FX" layername="FX_2" frame="0" z_index="3" m_a="1.038387" m_b="0.010923" m_c="-0.009620" m_d="0.914584" m_tx="2.712766" m_ty="-377.601501"/>
   <element name="FX" layername="FX_3" frame="0" z_index="4" m_a="-0.473573" m_b="0.799741" m_c="-1.021385" m_d="-0.604821" m_tx="2.722902" m_ty="-380.151642"/>
  </frame>
  <frame idx="900" w="2643" h="2369" x="-299.863892" y="-414.330200">
   <element name="FX" layername="FX" frame="2" z_index="1" m_a="-0.123090" m_b="-0.099612" m_c="0.136297" m_d="-0.168421" m_tx="33.903187" m_ty="-423.159729"/>
   <element name="FX" layername="FX" frame="0" z_index="2" m_a="-0.452749" m_b="-0.851748" m_c="1.087712" m_d="-0.578176" m_tx="4.616850" m_ty="-381.588013"/>
   <element name="FX" layername="FX_2" frame="0" z_index="3" m_a="1.001826" m_b="0.043495" m_c="-0.040324" m_d="0.928803" m_tx="3.065130" m_ty="-380.575012"/>
   <element name="FX" layername="FX_3" frame="0" z_index="4" m_a="-0.460439" m_b="0.719747" m_c="-1.046435" m_d="-0.669428" m_tx="3.106940" m_ty="-383.437988"/>
  </frame>
  <frame idx="925" w="2693" h="2308" x="-282.127197" y="-375.281799">
   <element name="FX" layername="FX" frame="2" z_index="1" m_a="-0.173686" m_b="-0.140551" m_c="0.192314" m_d="-0.237653" m_tx="46.235481" m_ty="-446.957550"/>
   <element name="FX" layername="FX" frame="0" z_index="2" m_a="-0.381205" m_b="-0.787980" m_c="1.142225" m_d="-0.552580" m_tx="5.665901" m_ty="-385.807098"/>
   <element name="FX" layername="FX_2" frame="0" z_index="3" m_a="0.947768" m_b="0.085983" m_c="-0.085943" m_d="0.947333" m_tx="3.569814" m_ty="-384.833832"/>
   <element name="FX" layername="FX_3" frame="0" z_index="4" m_a="-0.433117" m_b="0.608597" m_c="-1.076524" m_d="-0.766124" m_tx="3.656984" m_ty="-388.144592"/>
  </frame>
  <frame idx="950" w="2731" h="2258" x="-252.991943" y="-338.077759">
   <element name="FX" layername="FX" frame="2" z_index="1" m_a="-0.256377" m_b="-0.207448" m_c="0.283853" m_d="-0.350803" m_tx="66.387703" m_ty="-485.850159"/>
   <element name="FX" layername="FX" frame="0" z_index="2" m_a="-0.300253" m_b="-0.703310" m_c="1.209191" m_d="-0.516221" m_tx="6.966110" m_ty="-391.036041"/>
   <element name="FX" layername="FX_2" frame="0" z_index="3" m_a="0.878498" m_b="0.131722" m_c="-0.145009" m_d="0.967117" m_tx="4.195321" m_ty="-390.111969"/>
   <element name="FX" layername="FX_3" frame="0" z_index="4" m_a="-0.385839" m_b="0.477387" m_c="-1.103847" m_d="-0.892163" m_tx="4.338719" m_ty="-393.977661"/>
  </frame>
  <frame idx="975" w="2739" h="2516" x="-208.219971" y="-396.328735">
   <element name="FX" layername="FX" frame="2" z_index="1" m_a="-0.416239" m_b="-0.336775" m_c="0.460814" m_d="-0.569546" m_tx="107.747063" m_ty="-552.672241"/>
   <element name="FX" layername="FX" frame="0" z_index="2" m_a="-0.215844" m_b="-0.595648" m_c="1.287292" m_d="-0.466474" m_tx="8.507793" m_ty="-397.236176"/>
   <element name="FX" layername="FX_2" frame="0" z_index="3" m_a="0.793963" m_b="0.175899" m_c="-0.218376" m_d="0.985691" m_tx="4.936996" m_ty="-396.370270"/>
   <element name="FX" layername="FX_3" frame="0" z_index="4" m_a="-0.311551" m_b="0.332865" m_c="-1.121068" m_d="-1.049285" m_tx="5.147065" m_ty="-400.894287"/>
  </frame>
  <frame idx="1000" w="2700" h="3172" x="-143.937012" y="-580.268555">
   <element name="FX" layername="FX" frame="2" z_index="1" m_a="-0.701715" m_b="-0.567751" m_c="0.776859" m_d="-0.960163" m_tx="184.828766" m_ty="-660.798157"/>
   <element name="FX" layername="FX" frame="0" z_index="2" m_a="-0.135738" m_b="-0.464849" m_c="1.373779" m_d="-0.401149" m_tx="10.262400" m_ty="-404.292999"/>
   <element name="FX" layername="FX_2" frame="0" z_index="3" m_a="0.695923" m_b="0.212818" m_c="-0.305782" m_d="0.999920" m_tx="5.781110" m_ty="-403.493011"/>
   <element name="FX" layername="FX_3" frame="0" z_index="4" m_a="-0.204748" m_b="0.185401" m_c="-1.119428" m_d="-1.236246" m_tx="6.067050" m_ty="-408.766998"/>
  </frame>
  <frame idx="1025" w="2595" h="3885" x="-56.790894" y="-790.381104">
   <element name="FX" layername="FX" frame="2" z_index="1" m_a="-0.978808" m_b="-0.791923" m_c="1.083592" m_d="-1.339307" m_tx="259.639374" m_ty="-765.747681"/>
   <element name="FX" layername="FX" frame="0" z_index="2" m_a="-0.067754" m_b="-0.311977" m_c="1.465466" m_d="-0.318264" m_tx="12.201738" m_ty="-412.092255"/>
   <element name="FX" layername="FX_2" frame="0" z_index="3" m_a="0.587179" m_b="0.237134" m_c="-0.406471" m_d="1.006482" m_tx="6.714058" m_ty="-411.365814"/>
   <element name="FX" layername="FX_3" frame="0" z_index="4" m_a="-0.062021" m_b="0.046615" m_c="-1.089854" m_d="-1.450038" m_tx="7.083925" m_ty="-417.467743"/>
  </frame>
  <frame idx="1050" w="2570" h="4376" x="3.464355" y="-945.677490">
   <element name="FX" layername="FX" frame="1" z_index="1" m_a="-1.170934" m_b="-0.947440" m_c="1.296366" m_d="-1.602168" m_tx="311.844971" m_ty="-842.276123"/>
   <element name="FX" layername="FX" frame="0" z_index="2" m_a="-0.019801" m_b="-0.140635" m_c="1.558427" m_d="-0.219417" m_tx="8.342373" m_ty="-421.760590"/>
   <element name="FX" layername="FX_2" frame="0" z_index="3" m_a="0.467491" m_b="0.244024" m_c="-0.522713" m_d="1.001392" m_tx="3.753063" m_ty="-419.242432"/>
   <element name="FX" layername="FX_3" frame="0" z_index="4" m_a="-0.004977" m_b="0.003491" m_c="-1.071821" m_d="-1.528163" m_tx="7.450000" m_ty="-420.600006"/>
  </frame>
  <frame idx="1075" w="2482" h="4695" x="-85.776855" y="-1055.551514">
   <element name="FX" layername="FX" frame="1" z_index="2" m_a="-1.298021" m_b="-1.050366" m_c="1.437173" m_d="-1.776028" m_tx="346.911591" m_ty="-893.761353"/>
   <element name="FX" layername="FX" frame="0" z_index="3" m_a="0.032661" m_b="-0.060180" m_c="1.350729" m_d="0.733075" m_tx="4.239411" m_ty="-432.777252"/>
   <element name="FX" layername="FX_2" frame="0" z_index="4" m_a="0.384191" m_b="0.236143" m_c="-0.608097" m_d="0.989338" m_tx="0.250152" m_ty="-424.600006"/>
   <element name="FX" layername="FX_3" frame="0" z_index="4" m_a="-0.010957" m_b="0.007741" m_c="-1.073855" m_d="-1.520129" m_tx="7.412439" m_ty="-420.278625"/>
  </frame>
  <frame idx="1100" w="2417" h="4923" x="-171.530823" y="-1124.576660">
   <element name="FX" layername="FX" frame="1" z_index="3" m_a="-1.388484" m_b="-1.123570" m_c="1.537320" m_d="-1.899788" m_tx="372.567871" m_ty="-926.009827"/>
   <element name="FX" layername="FX" frame="0" z_index="4" m_a="0.167263" m_b="0.157632" m_c="-0.862051" m_d="0.914722" m_tx="6.550070" m_ty="-444.424988"/>
   <element name="FX" layername="FX_2" frame="0" z_index="4" m_a="0.384191" m_b="0.236143" m_c="-0.608097" m_d="0.989338" m_tx="0.250152" m_ty="-424.600006"/>
   <element name="FX" layername="FX_3" frame="0" z_index="4" m_a="-0.029461" m_b="0.021281" m_c="-1.079937" m_d="-1.495047" m_tx="7.295063" m_ty="-419.274261"/>
  </frame>
  <frame idx="1125" w="2035" h="3159" x="-648.703064" y="-593.989624">
   <element name="FX" layername="FX" frame="1" z_index="3" m_a="-0.070222" m_b="0.474035" m_c="-1.623720" m_d="-0.240532" m_tx="-95.019211" m_ty="-476.869995"/>
   <element name="FX" layername="FX" frame="0" z_index="4" m_a="0.167263" m_b="0.157632" m_c="-0.862051" m_d="0.914722" m_tx="6.550070" m_ty="-444.424988"/>
   <element name="FX" layername="FX_2" frame="0" z_index="4" m_a="0.382655" m_b="0.218787" m_c="-0.565084" m_d="0.988324" m_tx="0.402648" m_ty="-422.180023"/>
   <element name="FX" layername="FX_3" frame="0" z_index="4" m_a="-0.047678" m_b="0.035211" m_c="-1.085612" m_d="-1.470008" m_tx="7.177687" m_ty="-418.269897"/>
  </frame>
  <frame idx="1150" w="1971" h="3117" x="-629.715027" y="-586.186401">
   <element name="FX" layername="FX" frame="0" z_index="4" m_a="0.004994" m_b="0.007139" m_c="-1.108318" m_d="0.775274" m_tx="12.850000" m_ty="-464.250000"/>
   <element name="FX" layername="FX" frame="0" z_index="4" m_a="0.157640" m_b="0.162729" m_c="-0.891906" m_d="0.864016" m_tx="6.546756" m_ty="-442.493317"/>
   <element name="FX" layername="FX_2" frame="0" z_index="4" m_a="0.380415" m_b="0.201772" m_c="-0.522760" m_d="0.985597" m_tx="0.555144" m_ty="-419.760071"/>
   <element name="FX" layername="FX_3" frame="0" z_index="4" m_a="-0.065603" m_b="0.049526" m_c="-1.090880" m_d="-1.445017" m_tx="7.060310" m_ty="-417.265533"/>
  </frame>
  <frame idx="1175" w="1990" h="3073" x="-636.439880" y="-579.066772">
   <element name="FX" layername="FX" frame="0" z_index="4" m_a="0.005105" m_b="0.007362" m_c="-1.104799" m_d="0.766040" m_tx="12.794266" m_ty="-463.080017"/>
   <element name="FX" layername="FX" frame="0" z_index="4" m_a="0.142391" m_b="0.169604" m_c="-0.932933" m_d="0.783242" m_tx="6.541578" m_ty="-439.475098"/>
   <element name="FX" layername="FX_2" frame="0" z_index="4" m_a="0.377489" m_b="0.185123" m_c="-0.481187" m_d="0.981200" m_tx="0.707640" m_ty="-417.340088"/>
   <element name="FX" layername="FX_3" frame="0" z_index="4" m_a="-0.083230" m_b="0.064221" m_c="-1.095743" m_d="-1.420079" m_tx="6.942934" m_ty="-416.261200"/>
  </frame>
  <frame idx="1200" w="2009" h="3030" x="-643.065674" y="-572.607300">
   <element name="FX" layername="FX" frame="0" z_index="4" m_a="0.005441" m_b="0.008068" m_c="-1.093436" m_d="0.737456" m_tx="12.620096" m_ty="-459.423828"/>
   <element name="FX" layername="FX" frame="0" z_index="4" m_a="0.126977" m_b="0.175154" m_c="-0.967082" m_d="0.701082" m_tx="6.536400" m_ty="-436.456879"/>
   <element name="FX" layername="FX_2" frame="0" z_index="4" m_a="0.373899" m_b="0.168868" m_c="-0.440430" m_d="0.975178" m_tx="0.860136" m_ty="-414.920105"/>
   <element name="FX" layername="FX_3" frame="0" z_index="4" m_a="-0.100551" m_b="0.079291" m_c="-1.100203" m_d="-1.395200" m_tx="6.825558" m_ty="-415.256836"/>
  </frame>
  <frame idx="1225" w="2027" h="2985" x="-649.587097" y="-566.784058">
   <element name="FX" layername="FX" frame="0" z_index="4" m_a="0.005760" m_b="0.008783" m_c="-1.081523" m_d="0.709296" m_tx="12.445927" m_ty="-455.767639"/>
   <element name="FX" layername="FX" frame="0" z_index="4" m_a="0.111511" m_b="0.179393" m_c="-0.994367" m_d="0.618099" m_tx="6.531223" m_ty="-433.438660"/>
   <element name="FX" layername="FX_2" frame="0" z_index="4" m_a="0.369666" m_b="0.153031" m_c="-0.400548" m_d="0.967579" m_tx="1.012632" m_ty="-412.500122"/>
   <element name="FX" layername="FX_3" frame="0" z_index="4" m_a="-0.117563" m_b="0.094732" m_c="-1.104261" m_d="-1.370388" m_tx="6.708181" m_ty="-414.252472"/>
  </frame>
  <frame idx="1250" w="2043" h="2941" x="-655.998901" y="-561.571533">
   <element name="FX" layername="FX" frame="0" z_index="4" m_a="0.006061" m_b="0.009507" m_c="-1.069070" m_d="0.681567" m_tx="12.271757" m_ty="-452.111450"/>
   <element name="FX" layername="FX" frame="0" z_index="4" m_a="0.096097" m_b="0.182340" m_c="-1.014850" m_d="0.534847" m_tx="6.526045" m_ty="-430.420441"/>
   <element name="FX" layername="FX_2" frame="0" z_index="4" m_a="0.364815" m_b="0.137636" m_c="-0.361602" m_d="0.958452" m_tx="1.165128" m_ty="-410.080139"/>
   <element name="FX" layername="FX_3" frame="0" z_index="4" m_a="-0.134258" m_b="0.110539" m_c="-1.107919" m_d="-1.345645" m_tx="6.590805" m_ty="-413.248108"/>
  </frame>
  <frame idx="1275" w="2060" h="2895" x="-662.294617" y="-556.944336">
   <element name="FX" layername="FX" frame="0" z_index="4" m_a="0.006344" m_b="0.010241" m_c="-1.056084" m_d="0.654280" m_tx="12.097588" m_ty="-448.455261"/>
   <element name="FX" layername="FX" frame="0" z_index="4" m_a="0.080840" m_b="0.184027" m_c="-1.028635" m_d="0.451864" m_tx="6.520867" m_ty="-427.402222"/>
   <element name="FX" layername="FX_2" frame="0" z_index="4" m_a="0.359369" m_b="0.122707" m_c="-0.323645" m_d="0.947850" m_tx="1.317624" m_ty="-407.660187"/>
   <element name="FX" layername="FX_3" frame="0" z_index="4" m_a="-0.150631" m_b="0.126707" m_c="-1.111180" m_d="-1.320980" m_tx="6.473429" m_ty="-412.243774"/>
  </frame>
  <frame idx="1300" w="2074" h="2849" x="-668.468689" y="-552.876465">
   <element name="FX" layername="FX" frame="0" z_index="4" m_a="0.006610" m_b="0.010983" m_c="-1.042575" m_d="0.627445" m_tx="11.923418" m_ty="-444.799072"/>
   <element name="FX" layername="FX" frame="0" z_index="4" m_a="0.065840" m_b="0.184491" m_c="-1.035866" m_d="0.369674" m_tx="6.515689" m_ty="-424.384003"/>
   <element name="FX" layername="FX_2" frame="0" z_index="4" m_a="0.353353" m_b="0.108265" m_c="-0.286731" m_d="0.935826" m_tx="1.470120" m_ty="-405.240204"/>
   <element name="FX" layername="FX_3" frame="0" z_index="4" m_a="-0.166676" m_b="0.143231" m_c="-1.114045" m_d="-1.296396" m_tx="6.356052" m_ty="-411.239410"/>
  </frame>
  <frame idx="1325" w="2088" h="2803" x="-674.515198" y="-549.340576">
   <element name="FX" layername="FX" frame="0" z_index="4" m_a="0.006857" m_b="0.011734" m_c="-1.028554" m_d="0.601069" m_tx="11.749249" m_ty="-441.142883"/>
   <element name="FX" layername="FX" frame="0" z_index="4" m_a="0.051192" m_b="0.183779" m_c="-1.036730" m_d="0.288781" m_tx="6.510511" m_ty="-421.365784"/>
   <element name="FX" layername="FX_2" frame="0" z_index="4" m_a="0.346792" m_b="0.094331" m_c="-0.250914" m_d="0.922436" m_tx="1.622615" m_ty="-402.820221"/>
   <element name="FX" layername="FX_3" frame="0" z_index="4" m_a="-0.182387" m_b="0.160106" m_c="-1.116516" m_d="-1.271901" m_tx="6.238676" m_ty="-410.235046"/>
  </frame>
  <frame idx="1350" w="2101" h="2757" x="-680.427917" y="-546.309387">
   <element name="FX" layername="FX" frame="0" z_index="4" m_a="0.007086" m_b="0.012493" m_c="-1.014029" m_d="0.575161" m_tx="11.575079" m_ty="-437.486694"/>
   <element name="FX" layername="FX" frame="0" z_index="4" m_a="0.036984" m_b="0.181942" m_c="-1.031450" m_d="0.209668" m_tx="6.505334" m_ty="-418.347565"/>
   <element name="FX" layername="FX_2" frame="0" z_index="4" m_a="0.339712" m_b="0.080926" m_c="-0.216240" m_d="0.907738" m_tx="1.775111" m_ty="-400.400269"/>
   <element name="FX" layername="FX_3" frame="0" z_index="4" m_a="-0.197760" m_b="0.177325" m_c="-1.118596" m_d="-1.247499" m_tx="6.121300" m_ty="-409.230682"/>
  </frame>
  <frame idx="1375" w="2112" h="2710" x="-686.200684" y="-543.754700">
   <element name="FX" layername="FX" frame="0" z_index="4" m_a="0.007296" m_b="0.013260" m_c="-0.999011" m_d="0.549730" m_tx="11.400909" m_ty="-433.830505"/>
   <element name="FX" layername="FX" frame="0" z_index="4" m_a="0.023302" m_b="0.179040" m_c="-1.020285" m_d="0.132788" m_tx="6.500156" m_ty="-415.329346"/>
   <element name="FX" layername="FX_2" frame="0" z_index="4" m_a="0.332141" m_b="0.068067" m_c="-0.182757" m_d="0.891791" m_tx="1.927607" m_ty="-397.980286"/>
   <element name="FX" layername="FX_3" frame="0" z_index="4" m_a="-0.212787" m_b="0.194885" m_c="-1.120287" m_d="-1.223196" m_tx="6.003923" m_ty="-408.226349"/>
  </frame>
  <frame idx="1400" w="2123" h="2662" x="-691.826965" y="-541.648071">
   <element name="FX" layername="FX" frame="0" z_index="4" m_a="0.007488" m_b="0.014034" m_c="-0.983509" m_d="0.524784" m_tx="11.226740" m_ty="-430.174316"/>
   <element name="FX" layername="FX" frame="0" z_index="4" m_a="0.010222" m_b="0.175139" m_c="-1.003527" m_d="0.058571" m_tx="6.494978" m_ty="-412.311127"/>
   <element name="FX" layername="FX_2" frame="0" z_index="4" m_a="0.324106" m_b="0.055771" m_c="-0.150507" m_d="0.874656" m_tx="2.080103" m_ty="-395.560303"/>
   <element name="FX" layername="FX_3" frame="0" z_index="4" m_a="-0.227465" m_b="0.212780" m_c="-1.121591" m_d="-1.198997" m_tx="5.886547" m_ty="-407.221985"/>
  </frame>
  <frame idx="1425" w="2134" h="2615" x="-697.300598" y="-539.960815">
   <element name="FX" layername="FX" frame="0" z_index="4" m_a="0.007661" m_b="0.014815" m_c="-0.967534" m_d="0.500332" m_tx="11.052569" m_ty="-426.518127"/>
   <element name="FX" layername="FX" frame="0" z_index="4" m_a="-0.002184" m_b="0.170310" m_c="-0.981500" m_d="-0.012587" m_tx="6.489800" m_ty="-409.292908"/>
   <element name="FX" layername="FX_2" frame="0" z_index="4" m_a="0.315635" m_b="0.044055" m_c="-0.119533" m_d="0.856395" m_tx="2.232599" m_ty="-393.140320"/>
   <element name="FX" layername="FX_3" frame="0" z_index="4" m_a="-0.241787" m_b="0.231004" m_c="-1.122511" m_d="-1.174908" m_tx="5.769171" m_ty="-406.217621"/>
  </frame>
  <frame idx="1450" w="2143" h="2568" x="-702.615051" y="-538.663452">
   <element name="FX" layername="FX" frame="0" z_index="4" m_a="0.007815" m_b="0.015603" m_c="-0.951094" m_d="0.476381" m_tx="10.878400" m_ty="-422.861938"/>
   <element name="FX" layername="FX" frame="0" z_index="4" m_a="-0.013852" m_b="0.164630" m_c="-0.954553" m_d="-0.080318" m_tx="6.484622" m_ty="-406.274689"/>
   <element name="FX" layername="FX_2" frame="0" z_index="4" m_a="0.306758" m_b="0.032935" m_c="-0.089872" m_d="0.837072" m_tx="2.385095" m_ty="-390.720337"/>
   <element name="FX" layername="FX_3" frame="0" z_index="4" m_a="-0.255749" m_b="0.249552" m_c="-1.123049" m_d="-1.150934" m_tx="5.651794" m_ty="-405.213257"/>
  </frame>
  <frame idx="1475" w="2151" h="2519" x="-707.763428" y="-537.726624">
   <element name="FX" layername="FX" frame="0" z_index="4" m_a="0.007950" m_b="0.016397" m_c="-0.934202" m_d="0.452940" m_tx="10.704230" m_ty="-419.205750"/>
   <element name="FX" layername="FX" frame="0" z_index="4" m_a="-0.024727" m_b="0.158178" m_c="-0.923061" m_d="-0.144294" m_tx="6.479445" m_ty="-403.256470"/>
   <element name="FX" layername="FX_2" frame="0" z_index="4" m_a="0.297503" m_b="0.022423" m_c="-0.061560" m_d="0.816752" m_tx="2.537591" m_ty="-388.300385"/>
   <element name="FX" layername="FX_3" frame="0" z_index="4" m_a="-0.269344" m_b="0.268418" m_c="-1.123207" m_d="-1.127080" m_tx="5.534418" m_ty="-404.208923"/>
  </frame>
  <frame idx="1500" w="2159" h="2472" x="-712.739502" y="-537.120361">
   <element name="FX" layername="FX" frame="0" z_index="4" m_a="0.008065" m_b="0.017197" m_c="-0.916867" m_d="0.430016" m_tx="10.530061" m_ty="-415.549561"/>
   <element name="FX" layername="FX" frame="0" z_index="4" m_a="-0.034758" m_b="0.151039" m_c="-0.887422" m_d="-0.204219" m_tx="6.474267" m_ty="-400.238251"/>
   <element name="FX" layername="FX_2" frame="0" z_index="4" m_a="0.287900" m_b="0.012532" m_c="-0.034628" m_d="0.795501" m_tx="2.690087" m_ty="-385.880402"/>
   <element name="FX" layername="FX_3" frame="0" z_index="4" m_a="-0.282568" m_b="0.287597" m_c="-1.122989" m_d="-1.103352" m_tx="5.417042" m_ty="-403.204559"/>
  </frame>
  <frame idx="1525" w="2165" h="2424" x="-717.536499" y="-536.814880">
   <element name="FX" layername="FX" frame="0" z_index="4" m_a="0.008162" m_b="0.018003" m_c="-0.899100" m_d="0.407616" m_tx="10.355891" m_ty="-411.893372"/>
   <element name="FX" layername="FX" frame="0" z_index="4" m_a="-0.043905" m_b="0.143298" m_c="-0.848050" m_d="-0.259835" m_tx="6.469089" m_ty="-397.220032"/>
   <element name="FX" layername="FX_2" frame="0" z_index="4" m_a="0.277979" m_b="0.003274" m_c="-0.009108" m_d="0.773386" m_tx="2.842583" m_ty="-383.460419"/>
   <element name="FX" layername="FX_3" frame="0" z_index="4" m_a="-0.295416" m_b="0.307083" m_c="-1.122397" m_d="-1.079756" m_tx="5.299665" m_ty="-402.200195"/>
  </frame>
  <frame idx="1550" w="2178" h="2378" x="-715.499084" y="-535.588440">
   <element name="FX" layername="FX" frame="0" z_index="4" m_a="0.008238" m_b="0.018813" m_c="-0.880911" m_d="0.385748" m_tx="10.181722" m_ty="-408.237183"/>
   <element name="FX" layername="FX" frame="0" z_index="4" m_a="-0.052136" m_b="0.135047" m_c="-0.805374" m_d="-0.310923" m_tx="6.463912" m_ty="-394.201813"/>
   <element name="FX" layername="FX_2" frame="0" z_index="4" m_a="0.267770" m_b="-0.005343" m_c="0.014974" m_d="0.750476" m_tx="2.995079" m_ty="-381.040466"/>
   <element name="FX" layername="FX_3" frame="0" z_index="4" m_a="-0.307884" m_b="0.326869" m_c="-1.121433" m_d="-1.056296" m_tx="5.182289" m_ty="-401.195831"/>
  </frame>
  <frame idx="1575" w="2194" h="2331" x="-709.874634" y="-534.017517">
   <element name="FX" layername="FX" frame="0" z_index="4" m_a="0.008295" m_b="0.019629" m_c="-0.862312" m_d="0.364418" m_tx="10.007552" m_ty="-404.580994"/>
   <element name="FX" layername="FX" frame="0" z_index="4" m_a="-0.059425" m_b="0.126374" m_c="-0.759837" m_d="-0.357302" m_tx="6.458734" m_ty="-391.183594"/>
   <element name="FX" layername="FX_2" frame="0" z_index="4" m_a="0.257305" m_b="-0.013308" m_c="0.037594" m_d="0.726840" m_tx="3.147575" m_ty="-378.620483"/>
   <element name="FX" layername="FX_3" frame="0" z_index="4" m_a="-0.319964" m_b="0.346951" m_c="-1.120100" m_d="-1.032978" m_tx="5.064913" m_ty="-400.191498"/>
  </frame>
  <frame idx="1600" w="2208" h="2285" x="-704.709229" y="-532.803223">
   <element name="FX" layername="FX" frame="0" z_index="4" m_a="0.008333" m_b="0.020450" m_c="-0.843313" m_d="0.343635" m_tx="9.833383" m_ty="-400.924805"/>
   <element name="FX" layername="FX" frame="0" z_index="4" m_a="-0.065756" m_b="0.117371" m_c="-0.711889" m_d="-0.398832" m_tx="6.453556" m_ty="-388.165375"/>
   <element name="FX" layername="FX_2" frame="0" z_index="4" m_a="0.246615" m_b="-0.020616" m_c="0.058731" m_d="0.702547" m_tx="3.300071" m_ty="-376.200500"/>
   <element name="FX" layername="FX_3" frame="0" z_index="4" m_a="-0.331655" m_b="0.367321" m_c="-1.118402" m_d="-1.009806" m_tx="4.947536" m_ty="-399.187134"/>
  </frame>
  <frame idx="1625" w="2220" h="2239" x="-700.005127" y="-531.916687">
   <element name="FX" layername="FX" frame="0" z_index="4" m_a="0.008350" m_b="0.021274" m_c="-0.823925" m_d="0.323404" m_tx="9.659213" m_ty="-397.268616"/>
   <element name="FX" layername="FX" frame="0" z_index="4" m_a="-0.071121" m_b="0.108130" m_c="-0.661985" m_d="-0.435414" m_tx="6.448378" m_ty="-385.147156"/>
   <element name="FX" layername="FX_2" frame="0" z_index="4" m_a="0.235730" m_b="-0.027260" m_c="0.078365" m_d="0.677667" m_tx="3.452567" m_ty="-373.780518"/>
   <element name="FX" layername="FX_3" frame="0" z_index="4" m_a="-0.342949" m_b="0.387975" m_c="-1.116342" m_d="-0.986786" m_tx="4.830160" m_ty="-398.182770"/>
  </frame>
  <frame idx="1650" w="2231" h="2193" x="-695.761414" y="-531.328979">
   <element name="FX" layername="FX" frame="0" z_index="4" m_a="0.008348" m_b="0.022102" m_c="-0.804160" m_d="0.303732" m_tx="9.485044" m_ty="-393.612427"/>
   <element name="FX" layername="FX" frame="0" z_index="4" m_a="-0.075519" m_b="0.098741" m_c="-0.610581" m_d="-0.466984" m_tx="6.443200" m_ty="-382.128937"/>
   <element name="FX" layername="FX_2" frame="0" z_index="4" m_a="0.224682" m_b="-0.033235" m_c="0.096484" m_d="0.652272" m_tx="3.605063" m_ty="-371.360535"/>
   <element name="FX" layername="FX_3" frame="0" z_index="4" m_a="-0.353843" m_b="0.408906" m_c="-1.113922" m_d="-0.963923" m_tx="4.712784" m_ty="-397.178406"/>
  </frame>
  <frame idx="1675" w="2240" h="2147" x="-691.977661" y="-531.010437">
   <element name="FX" layername="FX" frame="0" z_index="4" m_a="0.008326" m_b="0.022933" m_c="-0.784028" m_d="0.284626" m_tx="9.310874" m_ty="-389.956238"/>
   <element name="FX" layername="FX" frame="0" z_index="4" m_a="-0.078958" m_b="0.089295" m_c="-0.558132" m_d="-0.493523" m_tx="6.438023" m_ty="-379.110718"/>
   <element name="FX" layername="FX_2" frame="0" z_index="4" m_a="0.213502" m_b="-0.038538" m_c="0.113073" m_d="0.626432" m_tx="3.757559" m_ty="-368.940582"/>
   <element name="FX" layername="FX_3" frame="0" z_index="4" m_a="-0.364333" m_b="0.430108" m_c="-1.111145" m_d="-0.941222" m_tx="4.595407" m_ty="-396.174072"/>
  </frame>
  <frame idx="1700" w="2248" h="2100" x="-688.650757" y="-530.931885">
   <element name="FX" layername="FX" frame="0" z_index="4" m_a="0.008283" m_b="0.023768" m_c="-0.763540" m_d="0.266090" m_tx="9.136703" m_ty="-386.300049"/>
   <element name="FX" layername="FX" frame="0" z_index="4" m_a="-0.081454" m_b="0.079879" m_c="-0.505088" m_d="-0.515049" m_tx="6.432845" m_ty="-376.092499"/>
   <element name="FX" layername="FX_2" frame="0" z_index="4" m_a="0.202222" m_b="-0.043167" m_c="0.128125" m_d="0.600218" m_tx="3.910055" m_ty="-366.520599"/>
   <element name="FX" layername="FX_3" frame="0" z_index="4" m_a="-0.374413" m_b="0.451574" m_c="-1.108016" m_d="-0.918687" m_tx="4.478031" m_ty="-395.169708"/>
  </frame>
  <frame idx="1725" w="2254" h="2054" x="-685.777161" y="-531.063721">
   <element name="FX" layername="FX" frame="0" z_index="4" m_a="0.008220" m_b="0.024605" m_c="-0.742710" m_d="0.248132" m_tx="8.962534" m_ty="-382.643860"/>
   <element name="FX" layername="FX" frame="0" z_index="4" m_a="-0.083029" m_b="0.070577" m_c="-0.451891" m_d="-0.531616" m_tx="6.427667" m_ty="-373.074280"/>
   <element name="FX" layername="FX_2" frame="0" z_index="4" m_a="0.190873" m_b="-0.047122" m_c="0.141632" m_d="0.573703" m_tx="4.062551" m_ty="-364.100616"/>
   <element name="FX" layername="FX_3" frame="0" z_index="4" m_a="-0.384079" m_b="0.473298" m_c="-1.104535" m_d="-0.896325" m_tx="4.360655" m_ty="-394.165344"/>
  </frame>
  <frame idx="1750" w="2259" h="2008" x="-683.352234" y="-531.376221">
   <element name="FX" layername="FX" frame="0" z_index="4" m_a="0.008137" m_b="0.025444" m_c="-0.721546" m_d="0.230758" m_tx="8.788364" m_ty="-378.987671"/>
   <element name="FX" layername="FX" frame="0" z_index="4" m_a="-0.083713" m_b="0.061473" m_c="-0.398970" m_d="-0.543318" m_tx="6.422489" m_ty="-370.056061"/>
   <element name="FX" layername="FX_2" frame="0" z_index="4" m_a="0.179487" m_b="-0.050402" m_c="0.153591" m_d="0.546957" m_tx="4.215046" m_ty="-361.680664"/>
   <element name="FX" layername="FX_3" frame="0" z_index="4" m_a="-0.393328" m_b="0.495275" m_c="-1.100708" m_d="-0.874139" m_tx="4.243279" m_ty="-393.160980"/>
  </frame>
  <frame idx="1775" w="2262" h="1963" x="-681.369141" y="-531.839783">
   <element name="FX" layername="FX" frame="0" z_index="4" m_a="0.008034" m_b="0.026285" m_c="-0.700063" m_d="0.213972" m_tx="8.614195" m_ty="-375.331451"/>
   <element name="FX" layername="FX" frame="0" z_index="4" m_a="-0.083545" m_b="0.052643" m_c="-0.346742" m_d="-0.550283" m_tx="6.417311" m_ty="-367.037842"/>
   <element name="FX" layername="FX_2" frame="0" z_index="4" m_a="0.168094" m_b="-0.053010" m_c="0.164002" m_d="0.520052" m_tx="4.367543" m_ty="-359.260681"/>
   <element name="FX" layername="FX_3" frame="0" z_index="4" m_a="-0.402154" m_b="0.517497" m_c="-1.096538" m_d="-0.852134" m_tx="4.125902" m_ty="-392.156647"/>
  </frame>
  <frame idx="1800" w="2263" h="1917" x="-679.820557" y="-532.425537">
   <element name="FX" layername="FX" frame="0" z_index="4" m_a="0.007910" m_b="0.027128" m_c="-0.678270" m_d="0.197780" m_tx="8.440025" m_ty="-371.675262"/>
   <element name="FX" layername="FX" frame="0" z_index="4" m_a="-0.082566" m_b="0.044161" m_c="-0.295605" m_d="-0.552674" m_tx="6.412133" m_ty="-364.019623"/>
   <element name="FX" layername="FX_2" frame="0" z_index="4" m_a="0.156727" m_b="-0.054949" m_c="0.172868" m_d="0.493058" m_tx="4.520039" m_ty="-356.840698"/>
   <element name="FX" layername="FX_3" frame="0" z_index="4" m_a="-0.410554" m_b="0.539958" m_c="-1.092027" m_d="-0.830317" m_tx="4.008526" m_ty="-391.152283"/>
  </frame>
  <frame idx="1825" w="2263" h="1872" x="-678.697754" y="-533.103516">
   <element name="FX" layername="FX" frame="0" z_index="4" m_a="0.007766" m_b="0.027971" m_c="-0.656180" m_d="0.182187" m_tx="8.265856" m_ty="-368.019073"/>
   <element name="FX" layername="FX" frame="0" z_index="4" m_a="-0.080827" m_b="0.036098" m_c="-0.245938" m_d="-0.550684" m_tx="6.406956" m_ty="-361.001404"/>
   <element name="FX" layername="FX_2" frame="0" z_index="4" m_a="0.145415" m_b="-0.056224" m_c="0.180194" m_d="0.466048" m_tx="4.672534" m_ty="-354.420715"/>
   <element name="FX" layername="FX_3" frame="0" z_index="4" m_a="-0.418524" m_b="0.562652" m_c="-1.087180" m_d="-0.808689" m_tx="3.891150" m_ty="-390.147919"/>
  </frame>
  <frame idx="1850" w="2261" h="1826" x="-677.990845" y="-533.844604">
   <element name="FX" layername="FX" frame="0" z_index="4" m_a="0.007602" m_b="0.028816" m_c="-0.633805" m_d="0.167198" m_tx="8.091686" m_ty="-364.362885"/>
   <element name="FX" layername="FX" frame="0" z_index="4" m_a="-0.078383" m_b="0.028515" m_c="-0.198097" m_d="-0.544540" m_tx="6.401778" m_ty="-357.983185"/>
   <element name="FX" layername="FX_2" frame="0" z_index="4" m_a="0.134190" m_b="-0.056840" m_c="0.185989" m_d="0.439090" m_tx="4.825030" m_ty="-352.000732"/>
   <element name="FX" layername="FX_3" frame="0" z_index="4" m_a="-0.426059" m_b="0.585572" m_c="-1.081999" m_d="-0.787257" m_tx="3.773773" m_ty="-389.143555"/>
  </frame>
  <frame idx="1875" w="2258" h="1782" x="-677.688965" y="-534.620361">
   <element name="FX" layername="FX" frame="0" z_index="4" m_a="0.007416" m_b="0.029660" m_c="-0.611156" m_d="0.152818" m_tx="7.917516" m_ty="-360.706696"/>
   <element name="FX" layername="FX" frame="0" z_index="4" m_a="-0.075295" m_b="0.021471" m_c="-0.152413" m_d="-0.534492" m_tx="6.396600" m_ty="-354.964966"/>
   <element name="FX" layername="FX_2" frame="0" z_index="4" m_a="0.123082" m_b="-0.056805" m_c="0.190263" m_d="0.412255" m_tx="4.977526" m_ty="-349.580780"/>
   <element name="FX" layername="FX_3" frame="0" z_index="4" m_a="-0.433156" m_b="0.608711" m_c="-1.076490" m_d="-0.766025" m_tx="3.656397" m_ty="-388.139221"/>
  </frame>
  <frame idx="1900" w="2253" h="1738" x="-677.779419" y="-535.402222">
   <element name="FX" layername="FX" frame="0" z_index="4" m_a="0.007211" m_b="0.030505" m_c="-0.588246" m_d="0.139051" m_tx="7.743347" m_ty="-357.050507"/>
   <element name="FX" layername="FX" frame="0" z_index="4" m_a="-0.071626" m_b="0.015017" m_c="-0.109192" m_d="-0.520820" m_tx="6.391422" m_ty="-351.946747"/>
   <element name="FX" layername="FX_2" frame="0" z_index="4" m_a="0.112120" m_b="-0.056126" m_c="0.193032" m_d="0.385611" m_tx="5.130023" m_ty="-347.160797"/>
   <element name="FX" layername="FX_3" frame="0" z_index="4" m_a="-0.439811" m_b="0.632062" m_c="-1.070654" m_d="-0.744999" m_tx="3.539021" m_ty="-387.134857"/>
  </frame>
  <frame idx="1925" w="2248" h="1694" x="-678.249146" y="-536.161377">
   <element name="FX" layername="FX" frame="0" z_index="4" m_a="0.006985" m_b="0.031349" m_c="-0.565086" m_d="0.125902" m_tx="7.569177" m_ty="-353.394318"/>
   <element name="FX" layername="FX" frame="0" z_index="4" m_a="-0.067446" m_b="0.009198" m_c="-0.068709" m_d="-0.503826" m_tx="6.386244" m_ty="-348.928528"/>
   <element name="FX" layername="FX_2" frame="0" z_index="4" m_a="0.101334" m_b="-0.054814" m_c="0.194313" m_d="0.359227" m_tx="5.282518" m_ty="-344.740814"/>
   <element name="FX" layername="FX_3" frame="0" z_index="4" m_a="-0.446021" m_b="0.655620" m_c="-1.064496" m_d="-0.724181" m_tx="3.421644" m_ty="-386.130493"/>
  </frame>
  <frame idx="1950" w="2240" h="1652" x="-679.083862" y="-536.870239">
   <element name="FX" layername="FX" frame="0" z_index="4" m_a="0.006738" m_b="0.032192" m_c="-0.541689" m_d="0.113374" m_tx="7.395008" m_ty="-349.738129"/>
   <element name="FX" layername="FX" frame="0" z_index="4" m_a="-0.062828" m_b="0.004053" m_c="-0.031210" m_d="-0.483829" m_tx="6.381067" m_ty="-345.910309"/>
   <element name="FX" layername="FX_2" frame="0" z_index="4" m_a="0.090754" m_b="-0.052878" m_c="0.194125" m_d="0.333171" m_tx="5.435014" m_ty="-342.320862"/>
   <element name="FX" layername="FX_3" frame="0" z_index="4" m_a="-0.451781" m_b="0.679376" m_c="-1.058020" m_d="-0.703577" m_tx="3.304268" m_ty="-385.126160"/>
  </frame>
  <frame idx="1975" w="2230" h="1609" x="-680.267822" y="-537.501099">
   <element name="FX" layername="FX" frame="0" z_index="4" m_a="0.006470" m_b="0.033034" m_c="-0.518068" m_d="0.101472" m_tx="7.220838" m_ty="-346.081940"/>
   <element name="FX" layername="FX" frame="0" z_index="4" m_a="-0.057844" m_b="-0.000388" m_c="0.003092" m_d="-0.461170" m_tx="6.375889" m_ty="-342.892090"/>
   <element name="FX" layername="FX_2" frame="0" z_index="4" m_a="0.080406" m_b="-0.050332" m_c="0.192490" m_d="0.307508" m_tx="5.587510" m_ty="-339.900879"/>
   <element name="FX" layername="FX_3" frame="0" z_index="4" m_a="-0.457089" m_b="0.703325" m_c="-1.051229" m_d="-0.683191" m_tx="3.186892" m_ty="-384.121796"/>
  </frame>
  <frame idx="2000" w="2220" h="1582" x="-681.784485" y="-523.964478">
   <element name="FX" layername="FX" frame="0" z_index="4" m_a="0.006182" m_b="0.033874" m_c="-0.494233" m_d="0.090199" m_tx="7.046669" m_ty="-342.425751"/>
   <element name="FX" layername="FX" frame="0" z_index="4" m_a="-0.052573" m_b="-0.004100" m_c="0.034016" m_d="-0.436201" m_tx="6.370711" m_ty="-339.873871"/>
   <element name="FX" layername="FX_2" frame="0" z_index="4" m_a="0.070321" m_b="-0.047188" m_c="0.189436" m_d="0.282303" m_tx="5.740006" m_ty="-337.480896"/>
   <element name="FX" layername="FX_3" frame="0" z_index="4" m_a="-0.461940" m_b="0.727459" m_c="-1.044128" m_d="-0.663027" m_tx="3.069515" m_ty="-383.117432"/>
  </frame>
  <frame idx="2025" w="2208" h="1558" x="-683.616577" y="-508.686279">
   <element name="FX" layername="FX" frame="0" z_index="4" m_a="0.005873" m_b="0.034712" m_c="-0.470198" m_d="0.079558" m_tx="6.872499" m_ty="-338.769562"/>
   <element name="FX" layername="FX" frame="0" z_index="4" m_a="-0.047093" m_b="-0.007067" m_c="0.061417" m_d="-0.409288" m_tx="6.365533" m_ty="-336.855652"/>
   <element name="FX" layername="FX_2" frame="0" z_index="4" m_a="0.060524" m_b="-0.043461" m_c="0.184988" m_d="0.257620" m_tx="5.892502" m_ty="-335.060913"/>
   <element name="FX" layername="FX_3" frame="0" z_index="4" m_a="-0.466333" m_b="0.751771" m_c="-1.036720" m_d="-0.643090" m_tx="2.952139" m_ty="-382.113068"/>
  </frame>
  <frame idx="2050" w="2195" h="1534" x="-685.745178" y="-493.472473">
   <element name="FX" layername="FX" frame="0" z_index="4" m_a="0.005544" m_b="0.035547" m_c="-0.445975" m_d="0.069554" m_tx="6.698329" m_ty="-335.113373"/>
   <element name="FX" layername="FX" frame="0" z_index="4" m_a="-0.041482" m_b="-0.009279" m_c="0.085183" m_d="-0.380805" m_tx="6.360355" m_ty="-333.837433"/>
   <element name="FX" layername="FX_2" frame="0" z_index="4" m_a="0.051043" m_b="-0.039165" m_c="0.179179" m_d="0.233522" m_tx="6.044998" m_ty="-332.640930"/>
   <element name="FX" layername="FX_3" frame="0" z_index="4" m_a="-0.470262" m_b="0.776255" m_c="-1.029009" m_d="-0.623383" m_tx="2.834763" m_ty="-381.108704"/>
  </frame>
  <frame idx="2075" w="2181" h="1510" x="-688.151245" y="-478.326660">
   <element name="FX" layername="FX" frame="0" z_index="4" m_a="0.005194" m_b="0.036380" m_c="-0.421576" m_d="0.060188" m_tx="6.524159" m_ty="-331.457184"/>
   <element name="FX" layername="FX" frame="0" z_index="4" m_a="-0.035820" m_b="-0.010736" m_c="0.105237" m_d="-0.351130" m_tx="6.355178" m_ty="-330.819214"/>
   <element name="FX" layername="FX_2" frame="0" z_index="4" m_a="0.041904" m_b="-0.034318" m_c="0.172042" m_d="0.210071" m_tx="6.197494" m_ty="-330.220978"/>
   <element name="FX" layername="FX_3" frame="0" z_index="4" m_a="-0.473727" m_b="0.800902" m_c="-1.020999" m_d="-0.603912" m_tx="2.717386" m_ty="-380.104370"/>
  </frame>
 </anim>
</Anims>
