<Anims>
 <anim name="halo" root="halo" numframes="2100" framerate="40">
  <frame idx="0" w="2" h="-2147483648" x="0.000000" y="4086191553218153747351823064236032.000000"/>
  <frame idx="25" w="2" h="-2147483648" x="0.000000" y="4086191553218153747351823064236032.000000"/>
  <frame idx="50" w="2" h="-2147483648" x="0.000000" y="4086191553218153747351823064236032.000000"/>
  <frame idx="75" w="2" h="-2147483648" x="0.000000" y="4086191553218153747351823064236032.000000"/>
  <frame idx="100" w="2" h="-2147483648" x="0.000000" y="4086191553218153747351823064236032.000000"/>
  <frame idx="125" w="2" h="-2147483648" x="0.000000" y="4086191553218153747351823064236032.000000"/>
  <frame idx="150" w="2" h="-2147483648" x="0.000000" y="4086191553218153747351823064236032.000000"/>
  <frame idx="175" w="2" h="-2147483648" x="0.000000" y="4086191553218153747351823064236032.000000"/>
  <frame idx="200" w="905" h="941" x="-309.267761" y="-398.233276">
   <element name="FX" layername="FX" frame="0" z_index="1" m_a="0.004823" m_b="0.037210" m_c="-0.397014" m_d="0.051464" m_tx="6.349990" m_ty="-327.800995"/>
   <element name="FX" layername="FX" frame="0" z_index="2" m_a="-0.030186" m_b="-0.011442" m_c="0.121539" m_d="-0.320645" m_tx="6.350000" m_ty="-327.800995"/>
   <element name="FX" layername="FX_2" frame="0" z_index="3" m_a="0.033131" m_b="-0.028937" m_c="0.163611" m_d="0.187325" m_tx="6.349990" m_ty="-327.800995"/>
  </frame>
  <frame idx="225" w="1125" h="1155" x="-324.185669" y="-359.519012">
   <element name="FX" layername="FX" frame="0" z_index="1" m_a="-0.021579" m_b="0.152506" m_c="-0.506909" m_d="-0.071726" m_tx="6.241975" m_ty="-337.797333"/>
   <element name="FX" layername="FX" frame="0" z_index="2" m_a="-0.115470" m_b="-0.085655" m_c="0.267496" m_d="-0.360607" m_tx="6.359823" m_ty="-337.639984"/>
   <element name="FX" layername="FX_2" frame="0" z_index="3" m_a="0.141462" m_b="-0.060713" m_c="0.160966" m_d="0.375053" m_tx="6.162328" m_ty="-338.651733"/>
  </frame>
  <frame idx="250" w="1340" h="1297" x="-300.294006" y="-310.593872">
   <element name="FX" layername="FX" frame="0" z_index="1" m_a="-0.094596" m_b="0.238453" m_c="-0.567170" m_d="-0.225001" m_tx="6.146940" m_ty="-346.592621"/>
   <element name="FX" layername="FX" frame="0" z_index="2" m_a="-0.153918" m_b="-0.186569" m_c="0.418337" m_d="-0.345125" m_tx="6.368461" m_ty="-346.296661"/>
   <element name="FX" layername="FX_2" frame="0" z_index="3" m_a="0.246570" m_b="-0.033647" m_c="0.073790" m_d="0.540744" m_tx="6.000331" m_ty="-348.018860"/>
  </frame>
  <frame idx="275" w="1495" h="1362" x="-267.948853" y="-256.639069">
   <element name="FX" layername="FX" frame="0" z_index="1" m_a="-0.189573" m_b="0.288092" m_c="-0.580418" m_d="-0.381933" m_tx="6.065040" m_ty="-354.172180"/>
   <element name="FX" layername="FX" frame="0" z_index="2" m_a="-0.150892" m_b="-0.289429" m_c="0.552220" m_d="-0.287896" m_tx="6.375902" m_ty="-353.756927"/>
   <element name="FX" layername="FX_2" frame="0" z_index="3" m_a="0.327411" m_b="0.030068" m_c="-0.060509" m_d="0.658881" m_tx="5.863908" m_ty="-355.907562"/>
  </frame>
  <frame idx="300" w="1588" h="1559" x="-232.339294" y="-256.011536">
   <element name="FX" layername="FX" frame="0" z_index="1" m_a="-0.287827" m_b="0.305638" m_c="-0.558107" m_d="-0.525584" m_tx="5.995540" m_ty="-360.604004"/>
   <element name="FX" layername="FX" frame="0" z_index="2" m_a="-0.118814" m_b="-0.379995" m_c="0.659531" m_d="-0.206217" m_tx="6.382220" m_ty="-360.088013"/>
   <element name="FX" layername="FX_2" frame="0" z_index="3" m_a="0.379550" m_b="0.108884" m_c="-0.208871" m_d="0.728083" m_tx="5.751150" m_ty="-362.428009"/>
  </frame>
  <frame idx="325" w="1626" h="1758" x="-200.772705" y="-281.932312">
   <element name="FX" layername="FX" frame="0" z_index="1" m_a="-0.369594" m_b="0.301164" m_c="-0.518726" m_d="-0.636590" m_tx="5.942760" m_ty="-365.488556"/>
   <element name="FX" layername="FX" frame="0" z_index="2" m_a="-0.075781" m_b="-0.446224" m_c="0.732367" m_d="-0.124375" m_tx="6.387022" m_ty="-364.896088"/>
   <element name="FX" layername="FX_2" frame="0" z_index="3" m_a="0.405051" m_b="0.178602" m_c="-0.333573" m_d="0.756508" m_tx="5.669532" m_ty="-367.147125"/>
  </frame>
  <frame idx="350" w="1633" h="1919" x="-170.934082" y="-310.186523">
   <element name="FX" layername="FX" frame="0" z_index="1" m_a="-0.442397" m_b="0.283934" m_c="-0.468856" m_d="-0.730523" m_tx="5.897408" m_ty="-369.685303"/>
   <element name="FX" layername="FX" frame="0" z_index="2" m_a="-0.026145" m_b="-0.498739" m_c="0.786314" m_d="-0.041220" m_tx="6.391145" m_ty="-369.027008"/>
   <element name="FX" layername="FX_2" frame="0" z_index="3" m_a="0.416584" m_b="0.242386" m_c="-0.444447" m_d="0.763862" m_tx="5.602477" m_ty="-371.024414"/>
  </frame>
  <frame idx="375" w="1624" h="2043" x="-139.641357" y="-337.197205">
   <element name="FX" layername="FX" frame="0" z_index="1" m_a="-0.502609" m_b="0.260084" m_c="-0.416653" m_d="-0.805177" m_tx="5.860101" m_ty="-373.137817"/>
   <element name="FX" layername="FX" frame="0" z_index="2" m_a="0.023086" m_b="-0.537436" m_c="0.823274" m_d="0.035364" m_tx="6.394536" m_ty="-372.425232"/>
   <element name="FX" layername="FX_2" frame="0" z_index="3" m_a="0.418977" m_b="0.294361" m_c="-0.533116" m_d="0.758807" m_tx="5.551146" m_ty="-373.992554"/>
  </frame>
  <frame idx="400" w="1611" h="2132" x="-108.748840" y="-360.127869">
   <element name="FX" layername="FX" frame="0" z_index="1" m_a="-0.548991" m_b="0.235309" m_c="-0.369004" m_d="-0.860909" m_tx="5.831010" m_ty="-375.830994"/>
   <element name="FX" layername="FX" frame="0" z_index="2" m_a="0.066441" m_b="-0.564062" m_c="0.846753" m_d="0.099739" m_tx="6.397180" m_ty="-375.075989"/>
   <element name="FX" layername="FX_2" frame="0" z_index="3" m_a="0.417148" m_b="0.331363" m_c="-0.595481" m_d="0.749642" m_tx="5.515820" m_ty="-376.035004"/>
  </frame>
  <frame idx="425" w="1598" h="2182" x="-89.968872" y="-374.210999">
   <element name="FX" layername="FX" frame="0" z_index="1" m_a="-0.575654" m_b="0.218302" m_c="-0.338361" m_d="-0.892247" m_tx="5.813988" m_ty="-377.406006"/>
   <element name="FX" layername="FX" frame="0" z_index="2" m_a="0.093711" m_b="-0.577985" m_c="0.858120" m_d="0.139130" m_tx="6.398732" m_ty="-376.626740"/>
   <element name="FX" layername="FX_2" frame="0" z_index="3" m_a="0.415906" m_b="0.343720" m_c="-0.616180" m_d="0.745586" m_tx="5.504188" m_ty="-376.707794"/>
  </frame>
  <frame idx="450" w="1617" h="2210" x="-87.523865" y="-381.914551">
   <element name="FX" layername="FX" frame="0" z_index="1" m_a="-0.591004" m_b="0.207512" m_c="-0.319535" m_d="-0.910052" m_tx="5.804006" m_ty="-378.325500"/>
   <element name="FX" layername="FX" frame="0" z_index="2" m_a="0.110251" m_b="-0.585500" m_c="0.863903" m_d="0.162674" m_tx="6.399590" m_ty="-377.531677"/>
   <element name="FX" layername="FX_2" frame="0" z_index="3" m_a="0.414862" m_b="0.355395" m_c="-0.635715" m_d="0.742086" m_tx="5.499956" m_ty="-377.483337"/>
  </frame>
  <frame idx="475" w="1675" h="2236" x="-99.183899" y="-392.722351">
   <element name="FX" layername="FX" frame="0" z_index="1" m_a="-0.610596" m_b="0.188771" m_c="-0.287472" m_d="-0.929855" m_tx="5.515069" m_ty="-377.792847"/>
   <element name="FX" layername="FX" frame="0" z_index="2" m_a="0.135420" m_b="-0.593755" m_c="0.861421" m_d="0.196467" m_tx="6.082744" m_ty="-376.984833"/>
   <element name="FX" layername="FX_2" frame="0" z_index="3" m_a="0.409882" m_b="0.379992" m_c="-0.671442" m_d="0.724256" m_tx="5.200926" m_ty="-377.183319"/>
  </frame>
  <frame idx="500" w="1782" h="2272" x="-125.857971" y="-417.488220">
   <element name="FX" layername="FX" frame="0" z_index="1" m_a="-0.650204" m_b="0.140757" m_c="-0.208953" m_d="-0.965221" m_tx="4.624940" m_ty="-374.958008"/>
   <element name="FX" layername="FX" frame="0" z_index="2" m_a="0.195021" m_b="-0.606657" m_c="0.842580" m_d="0.270864" m_tx="5.091600" m_ty="-374.125000"/>
   <element name="FX" layername="FX_2" frame="0" z_index="3" m_a="0.392354" m_b="0.432964" m_c="-0.740445" m_d="0.670995" m_tx="4.266600" m_ty="-374.475006"/>
  </frame>
  <frame idx="525" w="1878" h="2294" x="-151.995239" y="-441.534668">
   <element name="FX" layername="FX" frame="0" z_index="1" m_a="-0.684902" m_b="0.088912" m_c="-0.128926" m_d="-0.993129" m_tx="3.760999" m_ty="-372.207275"/>
   <element name="FX" layername="FX" frame="0" z_index="2" m_a="0.255927" m_b="-0.613383" m_c="0.818150" m_d="0.341363" m_tx="4.129622" m_ty="-371.349274"/>
   <element name="FX" layername="FX_2" frame="0" z_index="3" m_a="0.369381" m_b="0.484083" m_c="-0.803367" m_d="0.613012" m_tx="3.359769" m_ty="-371.846313"/>
  </frame>
  <frame idx="550" w="1967" h="2303" x="-178.688721" y="-465.875732">
   <element name="FX" layername="FX" frame="0" z_index="1" m_a="-0.715853" m_b="0.031065" m_c="-0.044031" m_d="-1.014654" m_tx="2.880273" m_ty="-369.402710"/>
   <element name="FX" layername="FX" frame="0" z_index="2" m_a="0.320523" m_b="-0.613932" m_c="0.787175" m_d="0.410971" m_tx="3.148958" m_ty="-368.519714"/>
   <element name="FX" layername="FX_2" frame="0" z_index="3" m_a="0.339851" m_b="0.535237" m_c="-0.862812" m_d="0.547847" m_tx="2.435322" m_ty="-369.166656"/>
  </frame>
  <frame idx="575" w="2046" h="2321" x="-205.507202" y="-497.285034">
   <element name="FX" layername="FX" frame="0" z_index="1" m_a="-0.741986" m_b="-0.032131" m_c="0.044558" m_d="-1.028943" m_tx="1.990126" m_ty="-366.567841"/>
   <element name="FX" layername="FX" frame="0" z_index="2" m_a="0.387724" m_b="-0.607634" m_c="0.749855" m_d="0.478473" m_tx="2.157804" m_ty="-365.659851"/>
   <element name="FX" layername="FX_2" frame="0" z_index="3" m_a="0.303746" m_b="0.585259" m_c="-0.917477" m_d="0.476166" m_tx="1.500984" m_ty="-366.458344"/>
  </frame>
  <frame idx="600" w="2115" h="2351" x="-231.953857" y="-536.031128">
   <element name="FX" layername="FX" frame="0" z_index="1" m_a="-0.762354" m_b="-0.099608" m_c="0.135285" m_d="-1.035409" m_tx="1.100020" m_ty="-363.733002"/>
   <element name="FX" layername="FX" frame="0" z_index="2" m_a="0.456129" m_b="-0.594129" m_c="0.706749" m_d="0.542590" m_tx="1.166690" m_ty="-362.799988"/>
   <element name="FX" layername="FX_2" frame="0" z_index="3" m_a="0.261437" m_b="0.632881" m_c="-0.966124" m_d="0.399096" m_tx="0.566686" m_ty="-363.750000"/>
  </frame>
  <frame idx="625" w="2169" h="2369" x="-257.081299" y="-573.741272">
   <element name="FX" layername="FX" frame="0" z_index="1" m_a="-0.776097" m_b="-0.168693" m_c="0.224740" m_d="-1.033949" m_tx="0.236054" m_ty="-360.982269"/>
   <element name="FX" layername="FX" frame="0" z_index="2" m_a="0.522960" m_b="-0.573894" m_c="0.659667" m_d="0.601120" m_tx="0.204684" m_ty="-360.024261"/>
   <element name="FX" layername="FX_2" frame="0" z_index="3" m_a="0.214583" m_b="0.676143" m_c="-1.007096" m_d="0.319615" m_tx="-0.340171" m_ty="-361.121307"/>
  </frame>
  <frame idx="650" w="2213" h="2405" x="-281.965942" y="-583.699341">
   <element name="FX" layername="FX" frame="0" z_index="1" m_a="-0.783525" m_b="-0.242178" m_c="0.316637" m_d="-1.024426" m_tx="-0.644655" m_ty="-358.177704"/>
   <element name="FX" layername="FX" frame="0" z_index="2" m_a="0.590778" m_b="-0.545877" m_c="0.606683" m_d="0.656586" m_tx="-0.775971" m_ty="-357.194702"/>
   <element name="FX" layername="FX_2" frame="0" z_index="3" m_a="0.161168" m_b="0.716578" m_c="-1.042075" m_d="0.234377" m_tx="-1.264608" m_ty="-358.441650"/>
  </frame>
  <frame idx="675" w="2241" h="2459" x="-305.660522" y="-568.980347">
   <element name="FX" layername="FX" frame="0" z_index="1" m_a="-0.783894" m_b="-0.319035" m_c="0.409625" m_d="-1.006480" m_tx="-1.051965" m_ty="-357.116669"/>
   <element name="FX" layername="FX" frame="0" z_index="2" m_a="0.658273" m_b="-0.509976" m_c="0.548486" m_d="0.707981" m_tx="-1.286317" m_ty="-356.114716"/>
   <element name="FX" layername="FX_2" frame="0" z_index="3" m_a="0.101799" m_b="0.753032" m_c="-1.070059" m_d="0.144656" m_tx="-1.718134" m_ty="-357.509094"/>
  </frame>
  <frame idx="700" w="2257" h="2504" x="-327.160278" y="-556.959778">
   <element name="FX" layername="FX" frame="0" z_index="1" m_a="-0.776722" m_b="-0.397914" m_c="0.502114" m_d="-0.980119" m_tx="-0.433292" m_ty="-359.825012"/>
   <element name="FX" layername="FX" frame="0" z_index="2" m_a="0.723991" m_b="-0.466518" m_c="0.486115" m_d="0.754404" m_tx="-0.774966" m_ty="-358.816986"/>
   <element name="FX" layername="FX_2" frame="0" z_index="3" m_a="0.037529" m_b="0.784453" m_c="-1.090333" m_d="0.052163" m_tx="-1.149960" m_ty="-360.350006"/>
  </frame>
  <frame idx="725" w="2279" h="2534" x="-353.398987" y="-544.222412">
   <element name="FX" layername="FX" frame="0" z_index="1" m_a="-0.762150" m_b="-0.475515" m_c="0.590439" m_d="-0.946348" m_tx="0.167178" m_ty="-362.453674"/>
   <element name="FX" layername="FX" frame="0" z_index="2" m_a="0.785143" m_b="-0.417003" m_c="0.421818" m_d="0.794209" m_tx="-0.278659" m_ty="-361.439056"/>
   <element name="FX" layername="FX_2" frame="0" z_index="3" m_a="-0.029340" m_b="0.809538" m_c="-1.102290" m_d="-0.039950" m_tx="-0.598509" m_ty="-363.107361"/>
  </frame>
  <frame idx="750" w="2318" h="2550" x="-388.258606" y="-530.151123">
   <element name="FX" layername="FX" frame="0" z_index="1" m_a="-0.739362" m_b="-0.554904" m_c="0.678235" m_d="-0.903690" m_tx="0.779315" m_ty="-365.133331"/>
   <element name="FX" layername="FX" frame="0" z_index="2" m_a="0.844007" m_b="-0.359251" m_c="0.352924" m_d="0.829144" m_tx="0.227290" m_ty="-364.112457"/>
   <element name="FX" layername="FX_2" frame="0" z_index="3" m_a="-0.101559" m_b="0.829072" m_c="-1.106404" m_d="-0.135532" m_tx="-0.036344" m_ty="-365.918182"/>
  </frame>
  <frame idx="775" w="2488" h="2559" x="-386.163086" y="-483.475891">
   <element name="FX" layername="FX" frame="0" z_index="1" m_a="-0.649254" m_b="-0.693957" m_c="0.866037" m_d="-0.810248" m_tx="1.110327" m_ty="-366.873260"/>
   <element name="FX" layername="FX" frame="0" z_index="2" m_a="0.920223" m_b="-0.213258" m_c="0.211976" m_d="0.914691" m_tx="0.366158" m_ty="-365.946014"/>
   <element name="FX" layername="FX_2" frame="0" z_index="3" m_a="-0.251190" m_b="0.822264" m_c="-1.117170" m_d="-0.341279" m_tx="0.350026" m_ty="-367.850006"/>
  </frame>
  <frame idx="800" w="2837" h="2422" x="-255.274658" y="-307.688843">
   <element name="FX" layername="FX" frame="0" z_index="1" m_a="-0.382647" m_b="-0.908125" m_c="1.266598" m_d="-0.533693" m_tx="0.840848" m_ty="-366.533630"/>
   <element name="FX" layername="FX" frame="0" z_index="2" m_a="0.971811" m_b="0.122725" m_c="-0.136334" m_d="1.079574" m_tx="-0.274070" m_ty="-365.925415"/>
   <element name="FX" layername="FX_2" frame="0" z_index="3" m_a="-0.539437" m_b="0.709848" m_c="-1.077861" m_d="-0.819102" m_tx="0.350026" m_ty="-367.850006"/>
  </frame>
  <frame idx="825" w="3351" h="3396" x="-49.582520" y="-338.379272">
   <element name="FX" layername="FX" frame="0" z_index="1" m_a="-0.116090" m_b="-1.089986" m_c="1.877112" m_d="-0.199923" m_tx="0.650888" m_ty="-366.034882"/>
   <element name="FX" layername="FX" frame="0" z_index="2" m_a="0.995626" m_b="0.442588" m_c="-0.607081" m_d="1.365662" m_tx="-0.822819" m_ty="-365.845612"/>
   <element name="FX" layername="FX_2" frame="0" z_index="3" m_a="-0.802330" m_b="0.582892" m_c="-1.092852" m_d="-1.504270" m_tx="0.350026" m_ty="-367.850006"/>
  </frame>
  <frame idx="850" w="3511" h="4813" x="382.093872" y="-567.199463">
   <element name="FX" layername="FX" frame="0" z_index="1" m_a="0.179482" m_b="-1.177612" m_c="2.518876" m_d="0.383906" m_tx="70.930511" m_ty="-382.631226"/>
   <element name="FX" layername="FX" frame="0" z_index="2" m_a="0.923919" m_b="0.740515" m_c="-1.261583" m_d="1.574040" m_tx="69.289413" m_ty="-383.027405"/>
   <element name="FX" layername="FX_2" frame="0" z_index="3" m_a="-1.004419" m_b="0.390661" m_c="-0.909721" m_d="-2.338963" m_tx="70.999817" m_ty="-385.017090"/>
  </frame>
  <frame idx="875" w="4767" h="5829" x="72.752197" y="-880.536133">
   <element name="FX" layername="FX" frame="0" z_index="1" m_a="0.772708" m_b="-0.923070" m_c="2.320684" m_d="1.942659" m_tx="89.485489" m_ty="-387.730103"/>
   <element name="FX" layername="FX" frame="0" z_index="2" m_a="0.409663" m_b="1.124257" m_c="-2.251254" m_d="0.820324" m_tx="88.487854" m_ty="-388.892303"/>
   <element name="FX" layername="FX_2" frame="0" z_index="3" m_a="-1.072515" m_b="-0.189382" m_c="0.518351" m_d="-2.935543" m_tx="90.781761" m_ty="-389.823883"/>
  </frame>
  <frame idx="900" w="5310" h="6099" x="-310.749268" y="-181.018066">
   <element name="FX" layername="FX" frame="0" z_index="1" m_a="1.237285" m_b="-0.346961" m_c="0.914873" m_d="3.262501" m_tx="88.103523" m_ty="-388.227448"/>
   <element name="FX" layername="FX" frame="0" z_index="2" m_a="-0.309447" m_b="1.188819" m_c="-2.588920" m_d="-0.673891" m_tx="87.784149" m_ty="-390.047150"/>
   <element name="FX" layername="FX_2" frame="0" z_index="3" m_a="-0.818167" m_b="-0.807413" m_c="2.337528" m_d="-2.368660" m_tx="90.717583" m_ty="-390.060638"/>
  </frame>
  <frame idx="925" w="5473" h="5838" x="-126.764404" y="-21.383057">
   <element name="FX" layername="FX" frame="0" z_index="1" m_a="2.095362" m_b="-0.197589" m_c="0.320446" m_d="3.398223" m_tx="88.028435" m_ty="-387.769470"/>
   <element name="FX" layername="FX" frame="0" z_index="2" m_a="-0.732714" m_b="1.462737" m_c="-2.354644" m_d="-1.179488" m_tx="86.329964" m_ty="-388.935608"/>
   <element name="FX" layername="FX_2" frame="0" z_index="3" m_a="-0.980802" m_b="-1.487669" m_c="2.732458" m_d="-1.801477" m_tx="90.182732" m_ty="-392.033447"/>
  </frame>
  <frame idx="950" w="5778" h="5761" x="-46.604980" y="59.878174">
   <element name="FX" layername="FX" frame="0" z_index="1" m_a="2.738692" m_b="0.134427" m_c="-0.168281" m_d="3.428403" m_tx="87.944084" m_ty="-387.410858"/>
   <element name="FX" layername="FX" frame="0" z_index="2" m_a="-1.170721" m_b="1.624545" m_c="-2.244231" m_d="-1.617294" m_tx="85.515625" m_ty="-388.313141"/>
   <element name="FX" layername="FX_2" frame="0" z_index="3" m_a="-0.987257" m_b="-2.192183" m_c="3.023614" m_d="-1.361696" m_tx="90.073212" m_ty="-392.936615"/>
  </frame>
  <frame idx="975" w="6322" h="5959" x="-47.673828" y="84.124512">
   <element name="FX" layername="FX" frame="0" z_index="1" m_a="3.113849" m_b="0.457539" m_c="-0.500745" m_d="3.407894" m_tx="87.847954" m_ty="-387.178680"/>
   <element name="FX" layername="FX" frame="0" z_index="2" m_a="-1.529748" m_b="1.739609" m_c="-2.343648" m_d="-2.060918" m_tx="85.515625" m_ty="-388.313141"/>
   <element name="FX" layername="FX_2" frame="0" z_index="3" m_a="-0.966037" m_b="-2.854750" m_c="3.300461" m_d="-1.116864" m_tx="90.505028" m_ty="-392.478363"/>
  </frame>
  <frame idx="1000" w="6921" h="6769" x="209.953125" y="42.355957">
   <element name="FX" layername="FX" frame="0" z_index="1" m_a="3.819393" m_b="0.855072" m_c="-0.795151" m_d="3.551742" m_tx="87.852287" m_ty="-386.868286"/>
   <element name="FX" layername="FX" frame="0" z_index="2" m_a="-2.029615" m_b="1.917808" m_c="-2.252235" m_d="-2.383539" m_tx="84.316147" m_ty="-387.396301"/>
   <element name="FX" layername="FX_2" frame="0" z_index="3" m_a="-0.962584" m_b="-4.031533" m_c="4.042811" m_d="-0.965277" m_tx="89.516342" m_ty="-391.126099"/>
  </frame>
  <frame idx="1025" w="7405" h="7234" x="538.739502" y="160.805420">
   <element name="FX" layername="FX" frame="0" z_index="1" m_a="4.399074" m_b="1.456147" m_c="-1.220673" m_d="3.687698" m_tx="87.850494" m_ty="-386.363617"/>
   <element name="FX" layername="FX" frame="0" z_index="2" m_a="-2.590093" m_b="1.923187" m_c="-2.031873" m_d="-2.736467" m_tx="83.056694" m_ty="-386.433594"/>
   <element name="FX" layername="FX_2" frame="0" z_index="3" m_a="-0.604996" m_b="-5.169206" m_c="4.847045" m_d="-0.567291" m_tx="88.480408" m_ty="-389.549957"/>
  </frame>
  <frame idx="1050" w="7033" h="7713" x="1058.447510" y="210.643799">
   <element name="FX" layername="FX" frame="0" z_index="1" m_a="3.875527" m_b="2.540178" m_c="-2.274647" m_d="3.470409" m_tx="87.684639" m_ty="-384.941650"/>
   <element name="FX" layername="FX" frame="0" z_index="2" m_a="-2.998086" m_b="1.191097" m_c="-1.344243" m_d="-3.383566" m_tx="83.056694" m_ty="-386.433594"/>
   <element name="FX" layername="FX_2" frame="0" z_index="3" m_a="0.746973" m_b="-5.150606" m_c="5.159022" m_d="0.748193" m_tx="89.060783" m_ty="-387.971741"/>
  </frame>
  <frame idx="1075" w="7344" h="8455" x="1334.206787" y="175.337891">
   <element name="FX" layername="FX" frame="0" z_index="1" m_a="3.905919" m_b="3.255500" m_c="-2.859711" m_d="3.431055" m_tx="88.012573" m_ty="-384.266815"/>
   <element name="FX" layername="FX" frame="0" z_index="2" m_a="-3.417738" m_b="0.922126" m_c="-1.020881" m_d="-3.783763" m_tx="83.056694" m_ty="-386.433594"/>
   <element name="FX" layername="FX_2" frame="0" z_index="3" m_a="1.460750" m_b="-5.520965" m_c="5.424736" m_d="1.435290" m_tx="89.914574" m_ty="-387.399048"/>
  </frame>
  <frame idx="1100" w="7961" h="9160" x="1474.210205" y="277.790527">
   <element name="FX" layername="FX" frame="0" z_index="1" m_a="4.524456" m_b="3.771038" m_c="-3.088994" m_d="3.706147" m_tx="88.728493" m_ty="-384.179047"/>
   <element name="FX" layername="FX" frame="0" z_index="2" m_a="-3.958967" m_b="1.068152" m_c="-1.102732" m_d="-4.087133" m_tx="83.056694" m_ty="-386.433594"/>
   <element name="FX" layername="FX_2" frame="0" z_index="3" m_a="1.692073" m_b="-6.395258" m_c="5.859675" m_d="1.550367" m_tx="90.983185" m_ty="-387.616425"/>
  </frame>
  <frame idx="1125" w="9539" h="10845" x="1740.436035" y="233.974121">
   <element name="FX" layername="FX" frame="0" z_index="1" m_a="4.524456" m_b="3.771038" m_c="-3.752971" m_d="4.502780" m_tx="86.819122" m_ty="-391.255859"/>
   <element name="FX" layername="FX" frame="0" z_index="2" m_a="-3.958967" m_b="1.068152" m_c="-1.339764" m_d="-4.965660" m_tx="80.942719" m_ty="-394.268768"/>
   <element name="FX" layername="FX_2" frame="0" z_index="3" m_a="1.692073" m_b="-6.395258" m_c="7.119207" m_d="1.883617" m_tx="88.920883" m_ty="-395.260101"/>
  </frame>
  <frame idx="1150" w="10648" h="12021" x="1923.513916" y="203.407715">
   <element name="FX" layername="FX" frame="0" z_index="1" m_a="4.524456" m_b="3.771038" m_c="-4.216159" m_d="5.058508" m_tx="85.487152" m_ty="-396.192627"/>
   <element name="FX" layername="FX" frame="0" z_index="2" m_a="-3.958967" m_b="1.068152" m_c="-1.505116" m_d="-5.578516" m_tx="79.468018" m_ty="-399.734558"/>
   <element name="FX" layername="FX_2" frame="0" z_index="3" m_a="1.692073" m_b="-6.395258" m_c="7.997852" m_d="2.116091" m_tx="87.482224" m_ty="-400.592285"/>
  </frame>
  <frame idx="1175" w="11146" h="12548" x="2005.583496" y="189.706055">
   <element name="FX" layername="FX" frame="0" z_index="1" m_a="4.524456" m_b="3.771038" m_c="-4.423796" m_d="5.307630" m_tx="84.890060" m_ty="-398.405670"/>
   <element name="FX" layername="FX" frame="0" z_index="2" m_a="-3.958967" m_b="1.068152" m_c="-1.579240" m_d="-5.853246" m_tx="78.806938" m_ty="-402.184753"/>
   <element name="FX" layername="FX_2" frame="0" z_index="3" m_a="1.692073" m_b="-6.395258" m_c="8.391729" m_d="2.220304" m_tx="86.837303" m_ty="-402.982605"/>
  </frame>
  <frame idx="1200" w="12245" h="13507" x="2117.020020" y="142.540527">
   <element name="FX" layername="FX" frame="0" z_index="1" m_a="4.446359" m_b="3.862813" m_c="-4.925978" m_d="5.670133" m_tx="86.782547" m_ty="-396.286987"/>
   <element name="FX" layername="FX" frame="0" z_index="2" m_a="-3.979991" m_b="0.986934" m_c="-1.580153" m_d="-6.372254" m_tx="80.695976" m_ty="-400.590363"/>
   <element name="FX" layername="FX_2" frame="0" z_index="3" m_a="1.822556" m_b="-6.359302" m_c="9.075090" m_d="2.600893" m_tx="88.734566" m_ty="-401.119385"/>
  </frame>
  <frame idx="1225" w="14645" h="13446" x="1558.416504" y="-251.694824">
   <element name="FX" layername="FX" frame="0" z_index="1" m_a="3.324555" m_b="4.861971" m_c="-6.495525" m_d="4.441559" m_tx="110.347794" m_ty="-370.139893"/>
   <element name="FX" layername="FX" frame="0" z_index="2" m_a="-4.100204" m_b="-0.051989" m_c="0.083239" m_d="-6.564722" m_tx="105.631165" m_ty="-375.760010"/>
   <element name="FX" layername="FX_2" frame="0" z_index="3" m_a="3.371995" m_b="-5.691403" m_c="8.553982" m_d="5.067992" m_tx="113.415657" m_ty="-374.251282"/>
  </frame>
  <frame idx="1250" w="15704" h="14074" x="485.546387" y="57.958008">
   <element name="FX" layername="FX" frame="0" z_index="1" m_a="1.496509" m_b="5.696656" m_c="-7.654916" m_d="2.010944" m_tx="122.193642" m_ty="-355.286377"/>
   <element name="FX" layername="FX" frame="0" z_index="2" m_a="-3.844072" m_b="-1.427405" m_c="2.241584" m_d="-6.036698" m_tx="119.594864" m_ty="-361.855011"/>
   <element name="FX" layername="FX_2" frame="0" z_index="3" m_a="5.089113" m_b="-4.226506" m_c="6.406785" m_d="7.714375" m_tx="126.244530" m_ty="-358.011108"/>
  </frame>
  <frame idx="1275" w="14515" h="13364" x="-1206.211426" y="1219.082031">
   <element name="FX" layername="FX" frame="0" z_index="1" m_a="-1.151953" m_b="5.776196" m_c="-7.417159" m_d="-1.479211" m_tx="119.123878" m_ty="-354.806458"/>
   <element name="FX" layername="FX" frame="0" z_index="2" m_a="-2.829420" m_b="-2.967955" m_c="4.453900" m_d="-4.246006" m_tx="119.594864" m_ty="-361.855011"/>
   <element name="FX" layername="FX_2" frame="0" z_index="3" m_a="6.426777" m_b="-1.568109" m_c="2.271486" m_d="9.309516" m_tx="123.988754" m_ty="-355.297424"/>
  </frame>
  <frame idx="1300" w="12654" h="10083" x="-1021.299316" y="1746.434814">
   <element name="FX" layername="FX" frame="0" z_index="1" m_a="-3.233403" m_b="4.814686" m_c="-5.314537" m_d="-3.569088" m_tx="118.632713" m_ty="-354.729675"/>
   <element name="FX" layername="FX" frame="0" z_index="2" m_a="-1.448656" m_b="-3.768854" m_c="4.861769" m_d="-1.868746" m_tx="121.673714" m_ty="-360.718323"/>
   <element name="FX" layername="FX_2" frame="0" z_index="3" m_a="6.435605" m_b="1.007045" m_c="-1.253962" m_d="8.013552" m_tx="122.729515" m_ty="-353.858887"/>
  </frame>
  <frame idx="1325" w="10016" h="10388" x="-545.429199" y="973.276367">
   <element name="FX" layername="FX" frame="0" z_index="1" m_a="-4.774615" m_b="3.200688" m_c="-2.922260" m_d="-4.359270" m_tx="118.632713" m_ty="-354.729675"/>
   <element name="FX" layername="FX" frame="0" z_index="2" m_a="0.087591" m_b="-4.000867" m_c="4.268910" m_d="0.093459" m_tx="123.846420" m_ty="-359.035339"/>
   <element name="FX" layername="FX_2" frame="0" z_index="3" m_a="5.523859" m_b="3.341840" m_c="-3.441907" m_d="5.689264" m_tx="121.659027" m_ty="-352.840302"/>
  </frame>
  <frame idx="1350" w="8956" h="9832" x="-298.189941" y="339.219238">
   <element name="FX" layername="FX" frame="0" z_index="1" m_a="-5.738418" m_b="1.087697" m_c="-0.840139" m_d="-4.432368" m_tx="118.632713" m_ty="-354.729675"/>
   <element name="FX" layername="FX" frame="0" z_index="2" m_a="1.677002" m_b="-3.704247" m_c="3.343729" m_d="1.513787" m_tx="125.242256" m_ty="-356.504364"/>
   <element name="FX" layername="FX_2" frame="0" z_index="3" m_a="3.830151" m_b="5.325608" m_c="-4.640352" m_d="3.337319" m_tx="120.585800" m_ty="-352.277191"/>
  </frame>
  <frame idx="1375" w="13785" h="12418" x="-1922.127930" y="-1289.132813">
   <element name="FX" layername="FX" frame="0" z_index="1" m_a="-5.090217" m_b="-2.947674" m_c="3.055367" m_d="-5.276189" m_tx="88.312424" m_ty="-280.409912"/>
   <element name="FX" layername="FX" frame="0" z_index="2" m_a="3.716358" m_b="-1.719968" m_c="2.083493" m_d="4.501832" m_tx="93.548584" m_ty="-278.191589"/>
   <element name="FX" layername="FX_2" frame="0" z_index="3" m_a="-0.585435" m_b="6.580518" m_c="-7.694533" m_d="-0.684543" m_tx="87.156494" m_ty="-277.773010"/>
  </frame>
  <frame idx="1400" w="17812" h="16727" x="-481.429688" y="-873.407227">
   <element name="FX" layername="FX" frame="0" z_index="1" m_a="-1.159022" m_b="-5.783955" m_c="8.499569" m_d="-1.703193" m_tx="45.503628" m_ty="-175.352386"/>
   <element name="FX" layername="FX" frame="0" z_index="2" m_a="3.758734" m_b="1.654593" m_c="-2.841521" m_d="6.455073" m_tx="48.000248" m_ty="-168.662506"/>
   <element name="FX" layername="FX_2" frame="0" z_index="3" m_a="-5.338119" m_b="3.924371" m_c="-6.505492" m_d="-8.849085" m_tx="40.447021" m_ty="-172.845062"/>
  </frame>
  <frame idx="1425" w="13534" h="18920" x="1182.871094" y="-2667.236816">
   <element name="FX" layername="FX" frame="0" z_index="1" m_a="2.417592" m_b="-5.380773" m_c="7.907090" m_d="3.552670" m_tx="45.411701" m_ty="-171.964462"/>
   <element name="FX" layername="FX" frame="0" z_index="2" m_a="2.097635" m_b="3.530679" m_c="-6.063421" m_d="3.602380" m_tx="43.656883" m_ty="-165.831528"/>
   <element name="FX" layername="FX_2" frame="0" z_index="3" m_a="-6.624781" m_b="0.092063" m_c="-0.152614" m_d="-10.982005" m_tx="40.447021" m_ty="-172.845062"/>
  </frame>
  <frame idx="1450" w="14768" h="19147" x="-120.364746" y="-1150.039063">
   <element name="FX" layername="FX" frame="0" z_index="1" m_a="5.508961" m_b="-2.109224" m_c="3.099521" m_d="8.095462" m_tx="-28.106506" m_ty="-202.315399"/>
   <element name="FX" layername="FX" frame="0" z_index="2" m_a="-1.003249" m_b="3.982368" m_c="-6.839131" m_d="-1.722933" m_tx="-32.593166" m_ty="-199.123032"/>
   <element name="FX" layername="FX_2" frame="0" z_index="3" m_a="-4.761190" m_b="-4.607306" m_c="7.637605" m_d="-7.892700" m_tx="-30.981552" m_ty="-205.583160"/>
  </frame>
  <frame idx="1475" w="13870" h="14439" x="2289.046387" y="557.076660">
   <element name="FX" layername="FX" frame="0" z_index="1" m_a="4.654830" m_b="3.623538" m_c="-5.324819" m_d="6.840310" m_tx="-211.764130" m_ty="-283.274658"/>
   <element name="FX" layername="FX" frame="0" z_index="2" m_a="-3.927120" m_b="1.201454" m_c="-2.063321" m_d="-6.744251" m_tx="-216.703232" m_ty="-286.598236"/>
   <element name="FX" layername="FX_2" frame="0" z_index="3" m_a="1.480055" m_b="-6.457991" m_c="10.705513" m_d="2.453511" m_tx="-209.552979" m_ty="-287.428406"/>
  </frame>
  <frame idx="1500" w="18024" h="16460" x="-850.685547" y="1131.682129">
   <element name="FX" layername="FX" frame="0" z_index="1" m_a="-0.170783" m_b="6.872896" m_c="-9.189782" m_d="-0.228355" m_tx="-161.318695" m_ty="-291.990723"/>
   <element name="FX" layername="FX" frame="0" z_index="2" m_a="-3.846844" m_b="-2.847944" m_c="4.450250" m_d="-6.011150" m_tx="-162.004028" m_ty="-298.591309"/>
   <element name="FX" layername="FX_2" frame="0" z_index="3" m_a="7.077657" m_b="-3.087322" m_c="4.656779" m_d="10.675621" m_tx="-156.460876" m_ty="-292.538086"/>
  </frame>
  <frame idx="1525" w="17044" h="16334" x="-977.509277" y="2178.761719">
   <element name="FX" layername="FX" frame="0" z_index="1" m_a="-5.888180" m_b="5.193174" m_c="-6.021879" m_d="-6.827790" m_tx="-42.375969" m_ty="-263.099152"/>
   <element name="FX" layername="FX" frame="0" z_index="2" m_a="-0.601777" m_b="-5.432645" m_c="7.362037" m_d="-0.815496" m_tx="-37.825493" m_ty="-269.805481"/>
   <element name="FX" layername="FX_2" frame="0" z_index="3" m_a="8.080598" m_b="3.530017" m_c="-4.617576" m_d="10.570142" m_tx="-37.230606" m_ty="-259.601898"/>
  </frame>
  <frame idx="1550" w="14362" h="14359" x="-782.642090" y="385.250000">
   <element name="FX" layername="FX" frame="0" z_index="1" m_a="-7.817865" m_b="0.721604" m_c="-0.635614" m_d="-6.886247" m_tx="18.599632" m_ty="-209.745499"/>
   <element name="FX" layername="FX" frame="0" z_index="2" m_a="2.717781" m_b="-4.742302" m_c="4.881701" m_d="2.797669" m_tx="26.205048" m_ty="-211.641815"/>
   <element name="FX" layername="FX_2" frame="0" z_index="3" m_a="4.444164" m_b="7.616199" m_c="-7.567822" m_d="4.415935" m_tx="20.405643" m_ty="-205.568939"/>
  </frame>
  <frame idx="1575" w="13199" h="12643" x="-895.761719" y="-9.473145">
   <element name="FX" layername="FX" frame="0" z_index="1" m_a="-7.595178" m_b="-0.614699" m_c="0.480651" m_d="-5.938882" m_tx="39.539371" m_ty="-194.597702"/>
   <element name="FX" layername="FX" frame="0" z_index="2" m_a="3.375356" m_b="-4.092902" m_c="3.740385" m_d="3.084641" m_tx="47.987103" m_ty="-194.757538"/>
   <element name="FX" layername="FX_2" frame="0" z_index="3" m_a="3.014401" m_b="8.010084" m_c="-7.058284" m_d="2.656214" m_tx="40.125359" m_ty="-190.307358"/>
  </frame>
  <frame idx="1600" w="12256" h="11909" x="-716.311035" y="294.690430">
   <element name="FX" layername="FX" frame="0" z_index="1" m_a="-7.258882" m_b="0.029235" m_c="-0.022931" m_d="-5.693589" m_tx="37.958923" m_ty="-200.940720"/>
   <element name="FX" layername="FX" frame="0" z_index="2" m_a="2.850527" m_b="-4.173520" m_c="3.826383" m_d="2.613431" m_tx="46.004383" m_ty="-201.092941"/>
   <element name="FX" layername="FX_2" frame="0" z_index="3" m_a="3.559359" m_b="7.335071" m_c="-6.472474" m_d="3.140782" m_tx="38.517006" m_ty="-196.854675"/>
  </frame>
  <frame idx="1625" w="11250" h="11520" x="-545.394043" y="436.104980">
   <element name="FX" layername="FX" frame="0" z_index="1" m_a="-6.870684" m_b="0.611803" m_c="-0.481520" m_d="-5.407574" m_tx="36.378479" m_ty="-207.283737"/>
   <element name="FX" layername="FX" frame="0" z_index="2" m_a="2.339856" m_b="-4.194500" m_c="3.859300" m_d="2.152868" m_tx="44.021664" m_ty="-207.428345"/>
   <element name="FX" layername="FX_2" frame="0" z_index="3" m_a="4.007399" m_b="6.630692" m_c="-5.859912" m_d="3.541561" m_tx="36.908653" m_ty="-203.401993"/>
  </frame>
  <frame idx="1650" w="10202" h="11035" x="-384.973145" y="551.654297">
   <element name="FX" layername="FX" frame="0" z_index="1" m_a="-6.438551" m_b="1.129065" m_c="-0.892002" m_d="-5.086687" m_tx="34.798031" m_ty="-213.626740"/>
   <element name="FX" layername="FX" frame="0" z_index="2" m_a="1.849668" m_b="-4.159154" m_c="3.841840" m_d="1.708552" m_tx="42.038944" m_ty="-213.763748"/>
   <element name="FX" layername="FX_2" frame="0" z_index="3" m_a="4.357999" m_b="5.908889" m_c="-5.230903" m_d="3.857962" m_tx="35.300304" m_ty="-209.949310"/>
  </frame>
  <frame idx="1675" w="9127" h="10464" x="-236.807129" y="641.524902">
   <element name="FX" layername="FX" frame="0" z_index="1" m_a="-5.970726" m_b="1.577985" m_c="-1.251927" m_d="-4.736999" m_tx="33.217587" m_ty="-219.969757"/>
   <element name="FX" layername="FX" frame="0" z_index="2" m_a="1.385796" m_b="-4.071434" m_c="3.777278" m_d="1.285674" m_tx="40.056225" m_ty="-220.099152"/>
   <element name="FX" layername="FX_2" frame="0" z_index="3" m_a="4.612007" m_b="5.181420" m_c="-4.595609" m_d="4.090574" m_tx="33.691956" m_ty="-216.496628"/>
  </frame>
  <frame idx="1700" w="8552" h="9822" x="-256.163330" y="706.268555">
   <element name="FX" layername="FX" frame="0" z_index="1" m_a="-5.475634" m_b="1.956443" m_c="-1.559518" m_d="-4.364734" m_tx="31.637138" m_ty="-226.312775"/>
   <element name="FX" layername="FX" frame="0" z_index="2" m_a="0.953521" m_b="-3.935869" m_c="3.669399" m_d="0.888965" m_tx="38.073505" m_ty="-226.434555"/>
   <element name="FX" layername="FX_2" frame="0" z_index="3" m_a="4.771585" m_b="4.459718" m_c="-3.963925" m_d="4.241122" m_tx="32.083603" m_ty="-223.043945"/>
  </frame>
  <frame idx="1725" w="8378" h="9122" x="-409.767578" y="746.784180">
   <element name="FX" layername="FX" frame="0" z_index="1" m_a="-4.961779" m_b="2.263259" m_c="-1.813696" m_d="-3.976194" m_tx="30.056690" m_ty="-232.655792"/>
   <element name="FX" layername="FX" frame="0" z_index="2" m_a="0.557516" m_b="-3.757499" m_c="3.522444" m_d="0.522640" m_tx="36.090786" m_ty="-232.769958"/>
   <element name="FX" layername="FX_2" frame="0" z_index="3" m_a="4.840150" m_b="3.754761" m_c="-3.345369" m_d="4.312415" m_tx="30.475252" m_ty="-229.591263"/>
  </frame>
  <frame idx="1750" w="8112" h="8376" x="-543.498047" y="764.290527">
   <element name="FX" layername="FX" frame="0" z_index="1" m_a="-4.437659" m_b="2.498178" m_c="-2.014061" m_d="-3.577693" m_tx="28.476246" m_ty="-238.998810"/>
   <element name="FX" layername="FX" frame="0" z_index="2" m_a="0.201796" m_b="-3.541800" m_c="3.341048" m_d="0.190358" m_tx="34.108067" m_ty="-239.105362"/>
   <element name="FX" layername="FX_2" frame="0" z_index="3" m_a="4.822325" m_b="3.076917" m_c="-2.748946" m_d="4.308309" m_tx="28.866901" m_ty="-236.138580"/>
  </frame>
  <frame idx="1775" w="7790" h="7600" x="-631.805176" y="760.304932">
   <element name="FX" layername="FX" frame="0" z_index="1" m_a="-3.911656" m_b="2.661862" m_c="-2.160896" m_d="-3.175478" m_tx="26.895798" m_ty="-245.341812"/>
   <element name="FX" layername="FX" frame="0" z_index="2" m_a="-0.110316" m_b="-3.294607" m_c="3.130172" m_d="-0.104810" m_tx="32.125347" m_ty="-245.440765"/>
   <element name="FX" layername="FX_2" frame="0" z_index="3" m_a="4.723842" m_b="2.435833" m_c="-2.183051" m_d="4.233618" m_tx="27.258551" m_ty="-242.685883"/>
  </frame>
  <frame idx="1800" w="7431" h="6806" x="-663.941650" y="736.604248">
   <element name="FX" layername="FX" frame="0" z_index="1" m_a="-3.391956" m_b="2.755865" m_c="-2.255150" m_d="-2.775668" m_tx="25.315351" m_ty="-251.684830"/>
   <element name="FX" layername="FX" frame="0" z_index="2" m_a="-0.376226" m_b="-3.022035" m_c="2.895038" m_d="-0.360415" m_tx="30.142630" m_ty="-251.776154"/>
   <element name="FX" layername="FX_2" frame="0" z_index="3" m_a="4.551454" m_b="1.840316" m_c="-1.655369" m_d="4.094045" m_tx="25.650200" m_ty="-249.233200"/>
  </frame>
  <frame idx="1825" w="7000" h="6010" x="-684.972900" y="695.197266">
   <element name="FX" layername="FX" frame="0" z_index="1" m_a="-2.886450" m_b="2.782608" m_c="-2.298411" m_d="-2.384184" m_tx="23.734903" m_ty="-258.027832"/>
   <element name="FX" layername="FX" frame="0" z_index="2" m_a="-0.594083" m_b="-2.730390" m_c="2.641053" m_d="-0.574645" m_tx="28.159910" m_ty="-258.111572"/>
   <element name="FX" layername="FX_2" frame="0" z_index="3" m_a="4.312814" m_b="1.298240" m_c="-1.172794" m_d="3.896077" m_tx="24.041849" m_ty="-255.780518"/>
  </frame>
  <frame idx="1850" w="6507" h="5224" x="-695.102295" y="638.288330">
   <element name="FX" layername="FX" frame="0" z_index="1" m_a="-2.402650" m_b="2.745334" m_c="-2.292891" m_d="-2.006682" m_tx="22.154457" m_ty="-264.370850"/>
   <element name="FX" layername="FX" frame="0" z_index="2" m_a="-0.762799" m_b="-2.426091" m_c="2.373741" m_d="-0.746339" m_tx="26.177189" m_ty="-264.446960"/>
   <element name="FX" layername="FX_2" frame="0" z_index="3" m_a="4.016380" m_b="0.816436" m_c="-0.741331" m_d="3.646904" m_tx="22.433498" m_ty="-262.327850"/>
  </frame>
  <frame idx="1875" w="5964" h="4884" x="-694.670410" y="439.863647">
   <element name="FX" layername="FX" frame="0" z_index="1" m_a="-1.947608" m_b="2.648064" m_c="-2.241376" m_d="-1.648496" m_tx="20.574011" m_ty="-270.713867"/>
   <element name="FX" layername="FX" frame="0" z_index="2" m_a="-0.882045" m_b="-2.115582" m_c="2.098667" m_d="-0.874993" m_tx="24.194471" m_ty="-270.782379"/>
   <element name="FX" layername="FX_2" frame="0" z_index="3" m_a="3.671273" m_b="0.400636" m_c="-0.366046" m_d="3.354298" m_tx="20.825148" m_ty="-268.875153"/>
  </frame>
  <frame idx="1900" w="5383" h="4545" x="-684.152832" y="242.019531">
   <element name="FX" layername="FX" frame="0" z_index="1" m_a="-1.527837" m_b="2.495538" m_c="-2.147203" m_d="-1.314576" m_tx="18.993565" m_ty="-277.056885"/>
   <element name="FX" layername="FX" frame="0" z_index="2" m_a="-0.952253" m_b="-1.805244" m_c="1.821363" m_d="-0.960756" m_tx="22.211752" m_ty="-277.117767"/>
   <element name="FX" layername="FX_2" frame="0" z_index="3" m_a="3.287148" m_b="0.055395" m_c="-0.051002" m_d="3.026505" m_tx="19.216797" m_ty="-275.422485"/>
  </frame>
  <frame idx="1925" w="4823" h="4205" x="-622.389160" y="114.269897">
   <element name="FX" layername="FX" frame="0" z_index="1" m_a="-1.149244" m_b="2.293154" m_c="-2.014198" m_d="-1.009442" m_tx="17.413118" m_ty="-283.399902"/>
   <element name="FX" layername="FX" frame="0" z_index="2" m_a="-0.974595" m_b="-1.501317" m_c="1.547259" m_d="-1.004419" m_tx="20.229034" m_ty="-283.453186"/>
   <element name="FX" layername="FX_2" frame="0" z_index="3" m_a="2.874060" m_b="-0.215950" m_c="0.200777" m_d="2.672125" m_tx="17.608446" m_ty="-281.969788"/>
  </frame>
  <frame idx="1950" w="4320" h="3820" x="-488.956177" y="6.284180">
   <element name="FX" layername="FX" frame="0" z_index="1" m_a="-0.817066" m_b="2.046896" m_c="-1.846640" m_d="-0.737130" m_tx="15.832670" m_ty="-289.742920"/>
   <element name="FX" layername="FX" frame="0" z_index="2" m_a="-0.950961" m_b="-1.209814" m_c="1.281612" m_d="-1.007397" m_tx="18.246313" m_ty="-289.788574"/>
   <element name="FX" layername="FX_2" frame="0" z_index="3" m_a="2.442316" m_b="-0.411311" m_c="0.387342" m_d="2.299991" m_tx="16.000093" m_ty="-288.517090"/>
  </frame>
  <frame idx="1975" w="3777" h="3387" x="-384.790161" y="-92.485840">
   <element name="FX" layername="FX" frame="0" z_index="1" m_a="-0.535815" m_b="1.763262" m_c="-1.649197" m_d="-0.501153" m_tx="14.252224" m_ty="-296.085938"/>
   <element name="FX" layername="FX" frame="0" z_index="2" m_a="-0.883926" m_b="-0.936445" m_c="1.029436" m_d="-0.971702" m_tx="16.263596" m_ty="-296.123993"/>
   <element name="FX" layername="FX_2" frame="0" z_index="3" m_a="2.002335" m_b="-0.529860" m_c="0.507820" m_d="1.919049" m_tx="14.391745" m_ty="-295.064423"/>
  </frame>
  <frame idx="2000" w="3205" h="2919" x="-310.531616" y="-180.409058">
   <element name="FX" layername="FX" frame="0" z_index="1" m_a="-0.309224" m_b="1.449181" m_c="-1.426874" m_d="-0.304465" m_tx="12.671778" m_ty="-302.428955"/>
   <element name="FX" layername="FX" frame="0" z_index="2" m_a="-0.776713" m_b="-0.686546" m_c="0.795440" m_d="-0.899909" m_tx="14.280876" m_ty="-302.459381"/>
   <element name="FX" layername="FX_2" frame="0" z_index="3" m_a="1.564502" m_b="-0.572042" m_c="0.562435" m_d="1.538226" m_tx="12.783394" m_ty="-301.611725"/>
  </frame>
  <frame idx="2025" w="2618" h="2427" x="-266.324707" y="-256.050537">
   <element name="FX" layername="FX" frame="0" z_index="1" m_a="-0.140219" m_b="1.111928" m_c="-1.184946" m_d="-0.149427" m_tx="11.091331" m_ty="-308.771942"/>
   <element name="FX" layername="FX" frame="0" z_index="2" m_a="-0.633138" m_b="-0.465004" m_c="0.583969" m_d="-0.795120" m_tx="12.298157" m_ty="-308.794800"/>
   <element name="FX" layername="FX_2" frame="0" z_index="3" m_a="1.139019" m_b="-0.539552" m_c="0.552479" m_d="1.166310" m_tx="11.175043" m_ty="-308.159058"/>
  </frame>
  <frame idx="2050" w="2031" h="1925" x="-251.823608" y="-318.187988">
   <element name="FX" layername="FX" frame="0" z_index="1" m_a="-0.030878" m_b="0.759035" m_c="-0.928897" m_d="-0.037788" m_tx="9.510883" m_ty="-315.114990"/>
   <element name="FX" layername="FX" frame="0" z_index="2" m_a="-0.457563" m_b="-0.276199" m_c="0.398946" m_d="-0.660913" m_tx="10.315437" m_ty="-315.130188"/>
   <element name="FX" layername="FX_2" frame="0" z_index="3" m_a="0.735774" m_b="-0.435297" m_c="0.480295" m_d="0.811834" m_tx="9.566690" m_ty="-314.706360"/>
  </frame>
  <frame idx="2075" w="1467" h="1426" x="-270.127197" y="-365.830933">
   <element name="FX" layername="FX" frame="0" z_index="1" m_a="0.017583" m_b="0.398204" m_c="-0.664354" m_d="0.029334" m_tx="7.930435" m_ty="-321.457977"/>
   <element name="FX" layername="FX" frame="0" z_index="2" m_a="-0.254828" m_b="-0.123945" m_c="0.243824" m_d="-0.501295" m_tx="8.332718" m_ty="-321.465576"/>
   <element name="FX" layername="FX_2" frame="0" z_index="3" m_a="0.364196" m_b="-0.263361" m_c="0.349235" m_d="0.482950" m_tx="7.958340" m_ty="-321.253662"/>
  </frame>
 </anim>
</Anims>
