<Anims>
 <anim name="halo" root="halo" numframes="2100" framerate="40">
  <frame idx="0" w="2" h="-2147483648" x="0.000000" y="4086191553218153747351823064236032.000000"/>
  <frame idx="25" w="2" h="-2147483648" x="0.000000" y="4086191553218153747351823064236032.000000"/>
  <frame idx="50" w="2" h="-2147483648" x="0.000000" y="4086191553218153747351823064236032.000000"/>
  <frame idx="75" w="2" h="-2147483648" x="0.000000" y="4086191553218153747351823064236032.000000"/>
  <frame idx="100" w="2" h="-2147483648" x="0.000000" y="4086191553218153747351823064236032.000000"/>
  <frame idx="125" w="2" h="-2147483648" x="0.000000" y="4086191553218153747351823064236032.000000"/>
  <frame idx="150" w="2" h="-2147483648" x="0.000000" y="4086191553218153747351823064236032.000000"/>
  <frame idx="175" w="2" h="-2147483648" x="0.000000" y="4086191553218153747351823064236032.000000"/>
  <frame idx="200" w="905" h="941" x="-309.267761" y="-398.233276">
   <element name="FX" layername="FX" frame="0" z_index="1" m_a="0.004823" m_b="0.037210" m_c="-0.397014" m_d="0.051464" m_tx="6.349990" m_ty="-327.800995"/>
   <element name="FX" layername="FX" frame="0" z_index="2" m_a="-0.030186" m_b="-0.011442" m_c="0.121539" m_d="-0.320645" m_tx="6.350000" m_ty="-327.800995"/>
   <element name="FX" layername="FX_2" frame="0" z_index="3" m_a="0.033131" m_b="-0.028937" m_c="0.163611" m_d="0.187325" m_tx="6.349990" m_ty="-327.800995"/>
  </frame>
  <frame idx="225" w="1125" h="1155" x="-324.185669" y="-359.519012">
   <element name="FX" layername="FX" frame="0" z_index="1" m_a="-0.021579" m_b="0.152506" m_c="-0.506909" m_d="-0.071726" m_tx="6.241975" m_ty="-337.797333"/>
   <element name="FX" layername="FX" frame="0" z_index="2" m_a="-0.115470" m_b="-0.085655" m_c="0.267496" m_d="-0.360607" m_tx="6.359823" m_ty="-337.639984"/>
   <element name="FX" layername="FX_2" frame="0" z_index="3" m_a="0.141462" m_b="-0.060713" m_c="0.160966" m_d="0.375053" m_tx="6.162328" m_ty="-338.651733"/>
  </frame>
  <frame idx="250" w="1340" h="1297" x="-300.294006" y="-310.593872">
   <element name="FX" layername="FX" frame="0" z_index="1" m_a="-0.094596" m_b="0.238453" m_c="-0.567170" m_d="-0.225001" m_tx="6.146940" m_ty="-346.592621"/>
   <element name="FX" layername="FX" frame="0" z_index="2" m_a="-0.153918" m_b="-0.186569" m_c="0.418337" m_d="-0.345125" m_tx="6.368461" m_ty="-346.296661"/>
   <element name="FX" layername="FX_2" frame="0" z_index="3" m_a="0.246570" m_b="-0.033647" m_c="0.073790" m_d="0.540744" m_tx="6.000331" m_ty="-348.018860"/>
  </frame>
  <frame idx="275" w="1495" h="1362" x="-267.948853" y="-256.639069">
   <element name="FX" layername="FX" frame="0" z_index="1" m_a="-0.189573" m_b="0.288092" m_c="-0.580418" m_d="-0.381933" m_tx="6.065040" m_ty="-354.172180"/>
   <element name="FX" layername="FX" frame="0" z_index="2" m_a="-0.150892" m_b="-0.289429" m_c="0.552220" m_d="-0.287896" m_tx="6.375902" m_ty="-353.756927"/>
   <element name="FX" layername="FX_2" frame="0" z_index="3" m_a="0.327411" m_b="0.030068" m_c="-0.060509" m_d="0.658881" m_tx="5.863908" m_ty="-355.907562"/>
  </frame>
  <frame idx="300" w="1588" h="1559" x="-232.339294" y="-256.011536">
   <element name="FX" layername="FX" frame="0" z_index="1" m_a="-0.287827" m_b="0.305638" m_c="-0.558107" m_d="-0.525584" m_tx="5.995540" m_ty="-360.604004"/>
   <element name="FX" layername="FX" frame="0" z_index="2" m_a="-0.118814" m_b="-0.379995" m_c="0.659531" m_d="-0.206217" m_tx="6.382220" m_ty="-360.088013"/>
   <element name="FX" layername="FX_2" frame="0" z_index="3" m_a="0.379550" m_b="0.108884" m_c="-0.208871" m_d="0.728083" m_tx="5.751150" m_ty="-362.428009"/>
  </frame>
  <frame idx="325" w="1626" h="1758" x="-200.772705" y="-281.932312">
   <element name="FX" layername="FX" frame="0" z_index="1" m_a="-0.369594" m_b="0.301164" m_c="-0.518726" m_d="-0.636590" m_tx="5.942760" m_ty="-365.488556"/>
   <element name="FX" layername="FX" frame="0" z_index="2" m_a="-0.075781" m_b="-0.446224" m_c="0.732367" m_d="-0.124375" m_tx="6.387022" m_ty="-364.896088"/>
   <element name="FX" layername="FX_2" frame="0" z_index="3" m_a="0.405051" m_b="0.178602" m_c="-0.333573" m_d="0.756508" m_tx="5.669532" m_ty="-367.147125"/>
  </frame>
  <frame idx="350" w="1633" h="1919" x="-170.934082" y="-310.186523">
   <element name="FX" layername="FX" frame="0" z_index="1" m_a="-0.442397" m_b="0.283934" m_c="-0.468856" m_d="-0.730523" m_tx="5.897408" m_ty="-369.685303"/>
   <element name="FX" layername="FX" frame="0" z_index="2" m_a="-0.026145" m_b="-0.498739" m_c="0.786314" m_d="-0.041220" m_tx="6.391145" m_ty="-369.027008"/>
   <element name="FX" layername="FX_2" frame="0" z_index="3" m_a="0.416584" m_b="0.242386" m_c="-0.444447" m_d="0.763862" m_tx="5.602477" m_ty="-371.024414"/>
  </frame>
  <frame idx="375" w="1624" h="2043" x="-139.641357" y="-337.197205">
   <element name="FX" layername="FX" frame="0" z_index="1" m_a="-0.502609" m_b="0.260084" m_c="-0.416653" m_d="-0.805177" m_tx="5.860101" m_ty="-373.137817"/>
   <element name="FX" layername="FX" frame="0" z_index="2" m_a="0.023086" m_b="-0.537436" m_c="0.823274" m_d="0.035364" m_tx="6.394536" m_ty="-372.425232"/>
   <element name="FX" layername="FX_2" frame="0" z_index="3" m_a="0.418977" m_b="0.294361" m_c="-0.533116" m_d="0.758807" m_tx="5.551146" m_ty="-373.992554"/>
  </frame>
  <frame idx="400" w="1611" h="2132" x="-108.748840" y="-360.127869">
   <element name="FX" layername="FX" frame="0" z_index="1" m_a="-0.548991" m_b="0.235309" m_c="-0.369004" m_d="-0.860909" m_tx="5.831010" m_ty="-375.830994"/>
   <element name="FX" layername="FX" frame="0" z_index="2" m_a="0.066441" m_b="-0.564062" m_c="0.846753" m_d="0.099739" m_tx="6.397180" m_ty="-375.075989"/>
   <element name="FX" layername="FX_2" frame="0" z_index="3" m_a="0.417148" m_b="0.331363" m_c="-0.595481" m_d="0.749642" m_tx="5.515820" m_ty="-376.035004"/>
  </frame>
  <frame idx="425" w="1598" h="2182" x="-89.968872" y="-374.210999">
   <element name="FX" layername="FX" frame="0" z_index="1" m_a="-0.575654" m_b="0.218302" m_c="-0.338361" m_d="-0.892247" m_tx="5.813988" m_ty="-377.406006"/>
   <element name="FX" layername="FX" frame="0" z_index="2" m_a="0.093711" m_b="-0.577985" m_c="0.858120" m_d="0.139130" m_tx="6.398732" m_ty="-376.626740"/>
   <element name="FX" layername="FX_2" frame="0" z_index="3" m_a="0.415906" m_b="0.343720" m_c="-0.616180" m_d="0.745586" m_tx="5.504188" m_ty="-376.707794"/>
  </frame>
  <frame idx="450" w="1617" h="2210" x="-87.523865" y="-381.914551">
   <element name="FX" layername="FX" frame="0" z_index="1" m_a="-0.591004" m_b="0.207512" m_c="-0.319535" m_d="-0.910052" m_tx="5.804006" m_ty="-378.325500"/>
   <element name="FX" layername="FX" frame="0" z_index="2" m_a="0.110251" m_b="-0.585500" m_c="0.863903" m_d="0.162674" m_tx="6.399590" m_ty="-377.531677"/>
   <element name="FX" layername="FX_2" frame="0" z_index="3" m_a="0.414862" m_b="0.355395" m_c="-0.635715" m_d="0.742086" m_tx="5.499956" m_ty="-377.483337"/>
  </frame>
  <frame idx="475" w="1675" h="2236" x="-99.183899" y="-392.722351">
   <element name="FX" layername="FX" frame="0" z_index="1" m_a="-0.610596" m_b="0.188771" m_c="-0.287472" m_d="-0.929855" m_tx="5.515069" m_ty="-377.792847"/>
   <element name="FX" layername="FX" frame="0" z_index="2" m_a="0.135420" m_b="-0.593755" m_c="0.861421" m_d="0.196467" m_tx="6.082744" m_ty="-376.984833"/>
   <element name="FX" layername="FX_2" frame="0" z_index="3" m_a="0.409882" m_b="0.379992" m_c="-0.671442" m_d="0.724256" m_tx="5.200926" m_ty="-377.183319"/>
  </frame>
  <frame idx="500" w="1782" h="2272" x="-125.857971" y="-417.488220">
   <element name="FX" layername="FX" frame="0" z_index="1" m_a="-0.650204" m_b="0.140757" m_c="-0.208953" m_d="-0.965221" m_tx="4.624940" m_ty="-374.958008"/>
   <element name="FX" layername="FX" frame="0" z_index="2" m_a="0.195021" m_b="-0.606657" m_c="0.842580" m_d="0.270864" m_tx="5.091600" m_ty="-374.125000"/>
   <element name="FX" layername="FX_2" frame="0" z_index="3" m_a="0.392354" m_b="0.432964" m_c="-0.740445" m_d="0.670995" m_tx="4.266600" m_ty="-374.475006"/>
  </frame>
  <frame idx="525" w="1878" h="2294" x="-151.995239" y="-441.534668">
   <element name="FX" layername="FX" frame="0" z_index="1" m_a="-0.684902" m_b="0.088912" m_c="-0.128926" m_d="-0.993129" m_tx="3.760999" m_ty="-372.207275"/>
   <element name="FX" layername="FX" frame="0" z_index="2" m_a="0.255927" m_b="-0.613383" m_c="0.818150" m_d="0.341363" m_tx="4.129622" m_ty="-371.349274"/>
   <element name="FX" layername="FX_2" frame="0" z_index="3" m_a="0.369381" m_b="0.484083" m_c="-0.803367" m_d="0.613012" m_tx="3.359769" m_ty="-371.846313"/>
  </frame>
  <frame idx="550" w="1967" h="2303" x="-178.688721" y="-465.875732">
   <element name="FX" layername="FX" frame="0" z_index="1" m_a="-0.715853" m_b="0.031065" m_c="-0.044031" m_d="-1.014654" m_tx="2.880273" m_ty="-369.402710"/>
   <element name="FX" layername="FX" frame="0" z_index="2" m_a="0.320523" m_b="-0.613932" m_c="0.787175" m_d="0.410971" m_tx="3.148958" m_ty="-368.519714"/>
   <element name="FX" layername="FX_2" frame="0" z_index="3" m_a="0.339851" m_b="0.535237" m_c="-0.862812" m_d="0.547847" m_tx="2.435322" m_ty="-369.166656"/>
  </frame>
  <frame idx="575" w="2046" h="2321" x="-205.507202" y="-497.285034">
   <element name="FX" layername="FX" frame="0" z_index="1" m_a="-0.741986" m_b="-0.032131" m_c="0.044558" m_d="-1.028943" m_tx="1.990126" m_ty="-366.567841"/>
   <element name="FX" layername="FX" frame="0" z_index="2" m_a="0.387724" m_b="-0.607634" m_c="0.749855" m_d="0.478473" m_tx="2.157804" m_ty="-365.659851"/>
   <element name="FX" layername="FX_2" frame="0" z_index="3" m_a="0.303746" m_b="0.585259" m_c="-0.917477" m_d="0.476166" m_tx="1.500984" m_ty="-366.458344"/>
  </frame>
  <frame idx="600" w="2115" h="2351" x="-231.953857" y="-536.031128">
   <element name="FX" layername="FX" frame="0" z_index="1" m_a="-0.762354" m_b="-0.099608" m_c="0.135285" m_d="-1.035409" m_tx="1.100020" m_ty="-363.733002"/>
   <element name="FX" layername="FX" frame="0" z_index="2" m_a="0.456129" m_b="-0.594129" m_c="0.706749" m_d="0.542590" m_tx="1.166690" m_ty="-362.799988"/>
   <element name="FX" layername="FX_2" frame="0" z_index="3" m_a="0.261437" m_b="0.632881" m_c="-0.966124" m_d="0.399096" m_tx="0.566686" m_ty="-363.750000"/>
  </frame>
  <frame idx="625" w="2169" h="2369" x="-257.081299" y="-573.741272">
   <element name="FX" layername="FX" frame="0" z_index="1" m_a="-0.776097" m_b="-0.168693" m_c="0.224740" m_d="-1.033949" m_tx="0.236054" m_ty="-360.982269"/>
   <element name="FX" layername="FX" frame="0" z_index="2" m_a="0.522960" m_b="-0.573894" m_c="0.659667" m_d="0.601120" m_tx="0.204684" m_ty="-360.024261"/>
   <element name="FX" layername="FX_2" frame="0" z_index="3" m_a="0.214583" m_b="0.676143" m_c="-1.007096" m_d="0.319615" m_tx="-0.340171" m_ty="-361.121307"/>
  </frame>
  <frame idx="650" w="2213" h="2405" x="-281.965942" y="-583.699341">
   <element name="FX" layername="FX" frame="0" z_index="1" m_a="-0.783525" m_b="-0.242178" m_c="0.316637" m_d="-1.024426" m_tx="-0.644655" m_ty="-358.177704"/>
   <element name="FX" layername="FX" frame="0" z_index="2" m_a="0.590778" m_b="-0.545877" m_c="0.606683" m_d="0.656586" m_tx="-0.775971" m_ty="-357.194702"/>
   <element name="FX" layername="FX_2" frame="0" z_index="3" m_a="0.161168" m_b="0.716578" m_c="-1.042075" m_d="0.234377" m_tx="-1.264608" m_ty="-358.441650"/>
  </frame>
  <frame idx="675" w="2241" h="2459" x="-305.660522" y="-568.980347">
   <element name="FX" layername="FX" frame="0" z_index="1" m_a="-0.783894" m_b="-0.319035" m_c="0.409625" m_d="-1.006480" m_tx="-1.051965" m_ty="-357.116669"/>
   <element name="FX" layername="FX" frame="0" z_index="2" m_a="0.658273" m_b="-0.509976" m_c="0.548486" m_d="0.707981" m_tx="-1.286317" m_ty="-356.114716"/>
   <element name="FX" layername="FX_2" frame="0" z_index="3" m_a="0.101799" m_b="0.753032" m_c="-1.070059" m_d="0.144656" m_tx="-1.718134" m_ty="-357.509094"/>
  </frame>
  <frame idx="700" w="2257" h="2504" x="-327.160278" y="-556.959778">
   <element name="FX" layername="FX" frame="0" z_index="1" m_a="-0.776722" m_b="-0.397914" m_c="0.502114" m_d="-0.980119" m_tx="-0.433292" m_ty="-359.825012"/>
   <element name="FX" layername="FX" frame="0" z_index="2" m_a="0.723991" m_b="-0.466518" m_c="0.486115" m_d="0.754404" m_tx="-0.774966" m_ty="-358.816986"/>
   <element name="FX" layername="FX_2" frame="0" z_index="3" m_a="0.037529" m_b="0.784453" m_c="-1.090333" m_d="0.052163" m_tx="-1.149960" m_ty="-360.350006"/>
  </frame>
  <frame idx="725" w="2279" h="2534" x="-353.398987" y="-544.222412">
   <element name="FX" layername="FX" frame="0" z_index="1" m_a="-0.762150" m_b="-0.475515" m_c="0.590439" m_d="-0.946348" m_tx="0.167178" m_ty="-362.453674"/>
   <element name="FX" layername="FX" frame="0" z_index="2" m_a="0.785143" m_b="-0.417003" m_c="0.421818" m_d="0.794209" m_tx="-0.278659" m_ty="-361.439056"/>
   <element name="FX" layername="FX_2" frame="0" z_index="3" m_a="-0.029340" m_b="0.809538" m_c="-1.102290" m_d="-0.039950" m_tx="-0.598509" m_ty="-363.107361"/>
  </frame>
  <frame idx="750" w="2318" h="2550" x="-388.258606" y="-530.151123">
   <element name="FX" layername="FX" frame="0" z_index="1" m_a="-0.739362" m_b="-0.554904" m_c="0.678235" m_d="-0.903690" m_tx="0.779315" m_ty="-365.133331"/>
   <element name="FX" layername="FX" frame="0" z_index="2" m_a="0.844007" m_b="-0.359251" m_c="0.352924" m_d="0.829144" m_tx="0.227290" m_ty="-364.112457"/>
   <element name="FX" layername="FX_2" frame="0" z_index="3" m_a="-0.101559" m_b="0.829072" m_c="-1.106404" m_d="-0.135532" m_tx="-0.036344" m_ty="-365.918182"/>
  </frame>
  <frame idx="775" w="2488" h="2559" x="-386.163086" y="-483.475891">
   <element name="FX" layername="FX" frame="0" z_index="1" m_a="-0.649254" m_b="-0.693957" m_c="0.866037" m_d="-0.810248" m_tx="1.110327" m_ty="-366.873260"/>
   <element name="FX" layername="FX" frame="0" z_index="2" m_a="0.920223" m_b="-0.213258" m_c="0.211976" m_d="0.914691" m_tx="0.366158" m_ty="-365.946014"/>
   <element name="FX" layername="FX_2" frame="0" z_index="3" m_a="-0.251190" m_b="0.822264" m_c="-1.117170" m_d="-0.341279" m_tx="0.350026" m_ty="-367.850006"/>
  </frame>
  <frame idx="800" w="2837" h="2422" x="-255.274658" y="-307.688843">
   <element name="FX" layername="FX" frame="0" z_index="1" m_a="-0.382647" m_b="-0.908125" m_c="1.266598" m_d="-0.533693" m_tx="0.840848" m_ty="-366.533630"/>
   <element name="FX" layername="FX" frame="0" z_index="2" m_a="0.971811" m_b="0.122725" m_c="-0.136334" m_d="1.079574" m_tx="-0.274070" m_ty="-365.925415"/>
   <element name="FX" layername="FX_2" frame="0" z_index="3" m_a="-0.539437" m_b="0.709848" m_c="-1.077861" m_d="-0.819102" m_tx="0.350026" m_ty="-367.850006"/>
  </frame>
  <frame idx="825" w="3351" h="3396" x="-49.582520" y="-338.379272">
   <element name="FX" layername="FX" frame="0" z_index="1" m_a="-0.116090" m_b="-1.089986" m_c="1.877112" m_d="-0.199923" m_tx="0.650888" m_ty="-366.034882"/>
   <element name="FX" layername="FX" frame="0" z_index="2" m_a="0.995626" m_b="0.442588" m_c="-0.607081" m_d="1.365662" m_tx="-0.822819" m_ty="-365.845612"/>
   <element name="FX" layername="FX_2" frame="0" z_index="3" m_a="-0.802330" m_b="0.582892" m_c="-1.092852" m_d="-1.504270" m_tx="0.350026" m_ty="-367.850006"/>
  </frame>
  <frame idx="850" w="3511" h="4813" x="382.093872" y="-567.199463">
   <element name="FX" layername="FX" frame="0" z_index="1" m_a="0.179482" m_b="-1.177612" m_c="2.518876" m_d="0.383906" m_tx="70.930511" m_ty="-382.631226"/>
   <element name="FX" layername="FX" frame="0" z_index="2" m_a="0.923919" m_b="0.740515" m_c="-1.261583" m_d="1.574040" m_tx="69.289413" m_ty="-383.027405"/>
   <element name="FX" layername="FX_2" frame="0" z_index="3" m_a="-1.004419" m_b="0.390661" m_c="-0.909721" m_d="-2.338963" m_tx="70.999817" m_ty="-385.017090"/>
  </frame>
  <frame idx="875" w="4767" h="5829" x="72.752197" y="-880.536133">
   <element name="FX" layername="FX" frame="0" z_index="1" m_a="0.772708" m_b="-0.923070" m_c="2.320684" m_d="1.942659" m_tx="89.485489" m_ty="-387.730103"/>
   <element name="FX" layername="FX" frame="0" z_index="2" m_a="0.409663" m_b="1.124257" m_c="-2.251254" m_d="0.820324" m_tx="88.487854" m_ty="-388.892303"/>
   <element name="FX" layername="FX_2" frame="0" z_index="3" m_a="-1.072515" m_b="-0.189382" m_c="0.518351" m_d="-2.935543" m_tx="90.781761" m_ty="-389.823883"/>
  </frame>
  <frame idx="900" w="5310" h="6099" x="-310.749268" y="-181.018066">
   <element name="FX" layername="FX" frame="0" z_index="1" m_a="1.237285" m_b="-0.346961" m_c="0.914873" m_d="3.262501" m_tx="88.103523" m_ty="-388.227448"/>
   <element name="FX" layername="FX" frame="0" z_index="2" m_a="-0.309447" m_b="1.188819" m_c="-2.588920" m_d="-0.673891" m_tx="87.784149" m_ty="-390.047150"/>
   <element name="FX" layername="FX_2" frame="0" z_index="3" m_a="-0.818167" m_b="-0.807413" m_c="2.337528" m_d="-2.368660" m_tx="90.717583" m_ty="-390.060638"/>
  </frame>
  <frame idx="925" w="5473" h="5838" x="-126.764404" y="-21.383057">
   <element name="FX" layername="FX" frame="0" z_index="1" m_a="2.095362" m_b="-0.197589" m_c="0.320446" m_d="3.398223" m_tx="88.028435" m_ty="-387.769470"/>
   <element name="FX" layername="FX" frame="0" z_index="2" m_a="-0.732714" m_b="1.462737" m_c="-2.354644" m_d="-1.179488" m_tx="86.329964" m_ty="-388.935608"/>
   <element name="FX" layername="FX_2" frame="0" z_index="3" m_a="-0.980802" m_b="-1.487669" m_c="2.732458" m_d="-1.801477" m_tx="90.182732" m_ty="-392.033447"/>
  </frame>
  <frame idx="950" w="5778" h="5761" x="-46.604980" y="59.878174">
   <element name="FX" layername="FX" frame="0" z_index="1" m_a="2.738692" m_b="0.134427" m_c="-0.168281" m_d="3.428403" m_tx="87.944084" m_ty="-387.410858"/>
   <element name="FX" layername="FX" frame="0" z_index="2" m_a="-1.170721" m_b="1.624545" m_c="-2.244231" m_d="-1.617294" m_tx="85.515625" m_ty="-388.313141"/>
   <element name="FX" layername="FX_2" frame="0" z_index="3" m_a="-0.987257" m_b="-2.192183" m_c="3.023614" m_d="-1.361696" m_tx="90.073212" m_ty="-392.936615"/>
  </frame>
  <frame idx="975" w="6322" h="5959" x="-47.673828" y="84.124512">
   <element name="FX" layername="FX" frame="0" z_index="1" m_a="3.113849" m_b="0.457539" m_c="-0.500745" m_d="3.407894" m_tx="87.847954" m_ty="-387.178680"/>
   <element name="FX" layername="FX" frame="0" z_index="2" m_a="-1.529748" m_b="1.739609" m_c="-2.343648" m_d="-2.060918" m_tx="85.515625" m_ty="-388.313141"/>
   <element name="FX" layername="FX_2" frame="0" z_index="3" m_a="-0.966037" m_b="-2.854750" m_c="3.300461" m_d="-1.116864" m_tx="90.505028" m_ty="-392.478363"/>
  </frame>
  <frame idx="1000" w="6921" h="6769" x="209.953125" y="42.355957">
   <element name="FX" layername="FX" frame="0" z_index="1" m_a="3.819393" m_b="0.855072" m_c="-0.795151" m_d="3.551742" m_tx="87.852287" m_ty="-386.868286"/>
   <element name="FX" layername="FX" frame="0" z_index="2" m_a="-2.029615" m_b="1.917808" m_c="-2.252235" m_d="-2.383539" m_tx="84.316147" m_ty="-387.396301"/>
   <element name="FX" layername="FX_2" frame="0" z_index="3" m_a="-0.962584" m_b="-4.031533" m_c="4.042811" m_d="-0.965277" m_tx="89.516342" m_ty="-391.126099"/>
  </frame>
  <frame idx="1025" w="7405" h="7234" x="538.739502" y="160.805420">
   <element name="FX" layername="FX" frame="0" z_index="1" m_a="4.399074" m_b="1.456147" m_c="-1.220673" m_d="3.687698" m_tx="87.850494" m_ty="-386.363617"/>
   <element name="FX" layername="FX" frame="0" z_index="2" m_a="-2.590093" m_b="1.923187" m_c="-2.031873" m_d="-2.736467" m_tx="83.056694" m_ty="-386.433594"/>
   <element name="FX" layername="FX_2" frame="0" z_index="3" m_a="-0.604996" m_b="-5.169206" m_c="4.847045" m_d="-0.567291" m_tx="88.480408" m_ty="-389.549957"/>
  </frame>
  <frame idx="1050" w="7033" h="7713" x="1058.447510" y="210.643799">
   <element name="FX" layername="FX" frame="0" z_index="1" m_a="3.875527" m_b="2.540178" m_c="-2.274647" m_d="3.470409" m_tx="87.684639" m_ty="-384.941650"/>
   <element name="FX" layername="FX" frame="0" z_index="2" m_a="-2.998086" m_b="1.191097" m_c="-1.344243" m_d="-3.383566" m_tx="83.056694" m_ty="-386.433594"/>
   <element name="FX" layername="FX_2" frame="0" z_index="3" m_a="0.746973" m_b="-5.150606" m_c="5.159022" m_d="0.748193" m_tx="89.060783" m_ty="-387.971741"/>
  </frame>
  <frame idx="1075" w="7344" h="8455" x="1334.206787" y="175.337891">
   <element name="FX" layername="FX" frame="0" z_index="1" m_a="3.905919" m_b="3.255500" m_c="-2.859711" m_d="3.431055" m_tx="88.012573" m_ty="-384.266815"/>
   <element name="FX" layername="FX" frame="0" z_index="2" m_a="-3.417738" m_b="0.922126" m_c="-1.020881" m_d="-3.783763" m_tx="83.056694" m_ty="-386.433594"/>
   <element name="FX" layername="FX_2" frame="0" z_index="3" m_a="1.460750" m_b="-5.520965" m_c="5.424736" m_d="1.435290" m_tx="89.914574" m_ty="-387.399048"/>
  </frame>
  <frame idx="1100" w="7961" h="9160" x="1474.210205" y="277.790527">
   <element name="FX" layername="FX" frame="0" z_index="1" m_a="4.524456" m_b="3.771038" m_c="-3.088994" m_d="3.706147" m_tx="88.728493" m_ty="-384.179047"/>
   <element name="FX" layername="FX" frame="0" z_index="2" m_a="-3.958967" m_b="1.068152" m_c="-1.102732" m_d="-4.087133" m_tx="83.056694" m_ty="-386.433594"/>
   <element name="FX" layername="FX_2" frame="0" z_index="3" m_a="1.692073" m_b="-6.395258" m_c="5.859675" m_d="1.550367" m_tx="90.983185" m_ty="-387.616425"/>
  </frame>
  <frame idx="1125" w="9539" h="10845" x="1740.436035" y="233.974121">
   <element name="FX" layername="FX" frame="0" z_index="1" m_a="4.524456" m_b="3.771038" m_c="-3.752971" m_d="4.502780" m_tx="86.819122" m_ty="-391.255859"/>
   <element name="FX" layername="FX" frame="0" z_index="2" m_a="-3.958967" m_b="1.068152" m_c="-1.339764" m_d="-4.965660" m_tx="80.942719" m_ty="-394.268768"/>
   <element name="FX" layername="FX_2" frame="0" z_index="3" m_a="1.692073" m_b="-6.395258" m_c="7.119207" m_d="1.883617" m_tx="88.920883" m_ty="-395.260101"/>
  </frame>
  <frame idx="1150" w="10648" h="12021" x="1923.513916" y="203.407715">
   <element name="FX" layername="FX" frame="0" z_index="1" m_a="4.524456" m_b="3.771038" m_c="-4.216159" m_d="5.058508" m_tx="85.487152" m_ty="-396.192627"/>
   <element name="FX" layername="FX" frame="0" z_index="2" m_a="-3.958967" m_b="1.068152" m_c="-1.505116" m_d="-5.578516" m_tx="79.468018" m_ty="-399.734558"/>
   <element name="FX" layername="FX_2" frame="0" z_index="3" m_a="1.692073" m_b="-6.395258" m_c="7.997852" m_d="2.116091" m_tx="87.482224" m_ty="-400.592285"/>
  </frame>
  <frame idx="1175" w="11146" h="12548" x="2005.583496" y="189.706055">
   <element name="FX" layername="FX" frame="0" z_index="1" m_a="4.524456" m_b="3.771038" m_c="-4.423796" m_d="5.307630" m_tx="84.890060" m_ty="-398.405670"/>
   <element name="FX" layername="FX" frame="0" z_index="2" m_a="-3.958967" m_b="1.068152" m_c="-1.579240" m_d="-5.853246" m_tx="78.806938" m_ty="-402.184753"/>
   <element name="FX" layername="FX_2" frame="0" z_index="3" m_a="1.692073" m_b="-6.395258" m_c="8.391729" m_d="2.220304" m_tx="86.837303" m_ty="-402.982605"/>
  </frame>
  <frame idx="1200" w="12245" h="13507" x="2117.020020" y="142.540527">
   <element name="FX" layername="FX" frame="0" z_index="1" m_a="4.446359" m_b="3.862813" m_c="-4.925978" m_d="5.670133" m_tx="86.782547" m_ty="-396.286987"/>
   <element name="FX" layername="FX" frame="0" z_index="2" m_a="-3.979991" m_b="0.986934" m_c="-1.580153" m_d="-6.372254" m_tx="80.695976" m_ty="-400.590363"/>
   <element name="FX" layername="FX_2" frame="0" z_index="3" m_a="1.822556" m_b="-6.359302" m_c="9.075090" m_d="2.600893" m_tx="88.734566" m_ty="-401.119385"/>
  </frame>
  <frame idx="1225" w="14645" h="13446" x="1558.416504" y="-251.694824">
   <element name="FX" layername="FX" frame="0" z_index="1" m_a="3.324555" m_b="4.861971" m_c="-6.495525" m_d="4.441559" m_tx="110.347794" m_ty="-370.139893"/>
   <element name="FX" layername="FX" frame="0" z_index="2" m_a="-4.100204" m_b="-0.051989" m_c="0.083239" m_d="-6.564722" m_tx="105.631165" m_ty="-375.760010"/>
   <element name="FX" layername="FX_2" frame="0" z_index="3" m_a="3.371995" m_b="-5.691403" m_c="8.553982" m_d="5.067992" m_tx="113.415657" m_ty="-374.251282"/>
  </frame>
  <frame idx="1250" w="15704" h="14074" x="485.546387" y="57.958008">
   <element name="FX" layername="FX" frame="0" z_index="1" m_a="1.496509" m_b="5.696656" m_c="-7.654916" m_d="2.010944" m_tx="122.193642" m_ty="-355.286377"/>
   <element name="FX" layername="FX" frame="0" z_index="2" m_a="-3.844072" m_b="-1.427405" m_c="2.241584" m_d="-6.036698" m_tx="119.594864" m_ty="-361.855011"/>
   <element name="FX" layername="FX_2" frame="0" z_index="3" m_a="5.089113" m_b="-4.226506" m_c="6.406785" m_d="7.714375" m_tx="126.244530" m_ty="-358.011108"/>
  </frame>
  <frame idx="1275" w="14515" h="13364" x="-1206.211426" y="1219.082031">
   <element name="FX" layername="FX" frame="0" z_index="1" m_a="-1.151953" m_b="5.776196" m_c="-7.417159" m_d="-1.479211" m_tx="119.123878" m_ty="-354.806458"/>
   <element name="FX" layername="FX" frame="0" z_index="2" m_a="-2.829420" m_b="-2.967955" m_c="4.453900" m_d="-4.246006" m_tx="119.594864" m_ty="-361.855011"/>
   <element name="FX" layername="FX_2" frame="0" z_index="3" m_a="6.426777" m_b="-1.568109" m_c="2.271486" m_d="9.309516" m_tx="123.988754" m_ty="-355.297424"/>
  </frame>
  <frame idx="1300" w="12654" h="10083" x="-1021.299316" y="1746.434814">
   <element name="FX" layername="FX" frame="0" z_index="1" m_a="-3.233403" m_b="4.814686" m_c="-5.314537" m_d="-3.569088" m_tx="118.632713" m_ty="-354.729675"/>
   <element name="FX" layername="FX" frame="0" z_index="2" m_a="-1.448656" m_b="-3.768854" m_c="4.861769" m_d="-1.868746" m_tx="121.673714" m_ty="-360.718323"/>
   <element name="FX" layername="FX_2" frame="0" z_index="3" m_a="6.435605" m_b="1.007045" m_c="-1.253962" m_d="8.013552" m_tx="122.729515" m_ty="-353.858887"/>
  </frame>
  <frame idx="1325" w="10016" h="10388" x="-545.429199" y="973.276367">
   <element name="FX" layername="FX" frame="0" z_index="1" m_a="-4.774615" m_b="3.200688" m_c="-2.922260" m_d="-4.359270" m_tx="118.632713" m_ty="-354.729675"/>
   <element name="FX" layername="FX" frame="0" z_index="2" m_a="0.087591" m_b="-4.000867" m_c="4.268910" m_d="0.093459" m_tx="123.846420" m_ty="-359.035339"/>
   <element name="FX" layername="FX_2" frame="0" z_index="3" m_a="5.523859" m_b="3.341840" m_c="-3.441907" m_d="5.689264" m_tx="121.659027" m_ty="-352.840302"/>
  </frame>
  <frame idx="1350" w="8956" h="9832" x="-298.189941" y="339.219238">
   <element name="FX" layername="FX" frame="0" z_index="1" m_a="-5.738418" m_b="1.087697" m_c="-0.840139" m_d="-4.432368" m_tx="118.632713" m_ty="-354.729675"/>
   <element name="FX" layername="FX" frame="0" z_index="2" m_a="1.677002" m_b="-3.704247" m_c="3.343729" m_d="1.513787" m_tx="125.242256" m_ty="-356.504364"/>
   <element name="FX" layername="FX_2" frame="0" z_index="3" m_a="3.830151" m_b="5.325608" m_c="-4.640352" m_d="3.337319" m_tx="120.585800" m_ty="-352.277191"/>
  </frame>
  <frame idx="1375" w="13785" h="12418" x="-1922.127930" y="-1289.132813">
   <element name="FX" layername="FX" frame="0" z_index="1" m_a="-5.090217" m_b="-2.947674" m_c="3.055367" m_d="-5.276189" m_tx="88.312424" m_ty="-280.409912"/>
   <element name="FX" layername="FX" frame="0" z_index="2" m_a="3.716358" m_b="-1.719968" m_c="2.083493" m_d="4.501832" m_tx="93.548584" m_ty="-278.191589"/>
   <element name="FX" layername="FX_2" frame="0" z_index="3" m_a="-0.585435" m_b="6.580518" m_c="-7.694533" m_d="-0.684543" m_tx="87.156494" m_ty="-277.773010"/>
  </frame>
  <frame idx="1400" w="17965" h="16516" x="-565.885254" y="-805.015137">
   <element name="FX" layername="FX" frame="0" z_index="1" m_a="-1.325226" m_b="-5.739571" m_c="8.434825" m_d="-1.947541" m_tx="45.451447" m_ty="-175.705185"/>
   <element name="FX" layername="FX" frame="0" z_index="2" m_a="3.786273" m_b="1.575497" m_c="-2.705842" m_d="6.502746" m_tx="48.114323" m_ty="-169.002594"/>
   <element name="FX" layername="FX_2" frame="0" z_index="3" m_a="-5.249491" m_b="4.026752" m_c="-6.675363" m_d="-8.702363" m_tx="40.398380" m_ty="-173.066116"/>
  </frame>
  <frame idx="1425" w="16108" h="16854" x="-323.579590" y="-1135.225586">
   <element name="FX" layername="FX" frame="0" z_index="1" m_a="-1.871217" m_b="-5.364553" m_c="7.895343" m_d="-2.753986" m_tx="44.054966" m_ty="-181.137177"/>
   <element name="FX" layername="FX" frame="0" z_index="2" m_a="3.461190" m_b="1.915072" m_c="-3.294017" m_d="5.953414" m_tx="46.622738" m_ty="-174.673965"/>
   <element name="FX" layername="FX_2" frame="0" z_index="3" m_a="-5.458786" m_b="3.304976" m_c="-5.482087" m_d="-9.054692" m_tx="39.182365" m_ty="-178.592361"/>
  </frame>
  <frame idx="1450" w="14155" h="16931" x="-95.171875" y="-1430.301758">
   <element name="FX" layername="FX" frame="0" z_index="1" m_a="-2.352298" m_b="-4.941150" m_c="7.283736" m_d="-3.467516" m_tx="42.658485" m_ty="-186.569168"/>
   <element name="FX" layername="FX" frame="0" z_index="2" m_a="3.109057" m_b="2.202864" m_c="-3.795186" m_d="5.356414" m_tx="45.131157" m_ty="-180.345337"/>
   <element name="FX" layername="FX_2" frame="0" z_index="3" m_a="-5.575509" m_b="2.587355" m_c="-4.294483" m_d="-9.254210" m_tx="37.966354" m_ty="-184.118607"/>
  </frame>
  <frame idx="1475" w="12146" h="16762" x="116.303711" y="-1687.674805">
   <element name="FX" layername="FX" frame="0" z_index="1" m_a="-2.764660" m_b="-4.478918" m_c="6.613652" m_d="-4.082348" m_tx="41.262005" m_ty="-192.001160"/>
   <element name="FX" layername="FX" frame="0" z_index="2" m_a="2.737239" m_b="2.437236" m_c="-4.206319" m_d="4.724081" m_tx="43.639572" m_ty="-186.016708"/>
   <element name="FX" layername="FX_2" frame="0" z_index="3" m_a="-5.603244" m_b="1.885216" m_c="-3.131230" m_d="-9.306651" m_tx="36.750340" m_ty="-189.644852"/>
  </frame>
  <frame idx="1500" w="10114" h="16365" x="308.222656" y="-1905.514160">
   <element name="FX" layername="FX" frame="0" z_index="1" m_a="-3.105793" m_b="-3.987640" m_c="5.899107" m_d="-4.594550" m_tx="39.865524" m_ty="-197.433151"/>
   <element name="FX" layername="FX" frame="0" z_index="2" m_a="2.353113" m_b="2.617522" m_c="-4.526011" m_d="4.068816" m_tx="42.147991" m_ty="-191.688080"/>
   <element name="FX" layername="FX_2" frame="0" z_index="3" m_a="-5.546915" m_b="1.209128" m_c="-2.009785" m_d="-9.219954" m_tx="35.534325" m_ty="-195.171097"/>
  </frame>
  <frame idx="1525" w="9680" h="15761" x="-2.317383" y="-2082.729492">
   <element name="FX" layername="FX" frame="0" z_index="1" m_a="-3.374484" m_b="-3.477160" m_c="5.154241" m_d="-5.002044" m_tx="38.469044" m_ty="-202.865143"/>
   <element name="FX" layername="FX" frame="0" z_index="2" m_a="1.963948" m_b="2.744025" m_c="-4.754478" m_d="3.402865" m_tx="40.656406" m_ty="-197.359451"/>
   <element name="FX" layername="FX_2" frame="0" z_index="3" m_a="-5.412652" m_b="0.568763" m_c="-0.946150" m_d="-9.004064" m_tx="34.318310" m_ty="-200.697342"/>
  </frame>
  <frame idx="1550" w="9513" h="14992" x="-403.435059" y="-2225.045898">
   <element name="FX" layername="FX" frame="0" z_index="1" m_a="-3.570795" m_b="-2.957223" m_c="4.393091" m_d="-5.304581" m_tx="37.072563" m_ty="-208.297150"/>
   <element name="FX" layername="FX" frame="0" z_index="2" m_a="1.576778" m_b="2.817974" m_c="-4.893494" m_d="2.738121" m_tx="39.164825" m_ty="-203.030823"/>
   <element name="FX" layername="FX_2" frame="0" z_index="3" m_a="-5.207666" m_b="-0.027251" m_c="0.045372" m_d="-8.670697" m_tx="33.102299" m_ty="-206.223587"/>
  </frame>
  <frame idx="1575" w="9220" h="14445" x="-767.427979" y="-2442.035156">
   <element name="FX" layername="FX" frame="0" z_index="1" m_a="-3.696027" m_b="-2.437311" m_c="3.629361" m_d="-5.503695" m_tx="35.676083" m_ty="-213.729126"/>
   <element name="FX" layername="FX" frame="0" z_index="2" m_a="1.198289" m_b="2.841473" m_c="-4.946315" m_d="2.085930" m_tx="37.673241" m_ty="-208.702194"/>
   <element name="FX" layername="FX_2" frame="0" z_index="3" m_a="-4.940082" m_b="-0.571435" m_c="0.952348" m_d="-8.233096" m_tx="31.886284" m_ty="-211.749832"/>
  </frame>
  <frame idx="1600" w="8811" h="13723" x="-1090.518311" y="-2606.544434">
   <element name="FX" layername="FX" frame="0" z_index="1" m_a="-3.752661" m_b="-1.926493" m_c="2.876202" m_d="-5.602621" m_tx="34.279602" m_ty="-219.161133"/>
   <element name="FX" layername="FX" frame="0" z_index="2" m_a="0.834712" m_b="2.817449" m_c="-4.917585" m_d="1.456909" m_tx="36.181656" m_ty="-214.373566"/>
   <element name="FX" layername="FX_2" frame="0" z_index="3" m_a="-4.618777" m_b="-1.057564" m_c="1.764390" m_d="-7.705754" m_tx="30.670269" m_ty="-217.276077"/>
  </frame>
  <frame idx="1625" w="8462" h="12851" x="-1226.239258" y="-2719.201660">
   <element name="FX" layername="FX" frame="0" z_index="1" m_a="-3.744287" m_b="-1.433283" m_c="2.146007" m_d="-5.606195" m_tx="32.883121" m_ty="-224.593124"/>
   <element name="FX" layername="FX" frame="0" z_index="2" m_a="0.491734" m_b="2.749561" m_c="-4.813198" m_d="0.860797" m_tx="34.690075" m_ty="-220.044937"/>
   <element name="FX" layername="FX_2" frame="0" z_index="3" m_a="-4.253208" m_b="-1.480722" m_c="2.473251" m_d="-7.104136" m_tx="29.454254" m_ty="-222.802322"/>
  </frame>
  <frame idx="1650" w="8502" h="11855" x="-884.510742" y="-2781.555908">
   <element name="FX" layername="FX" frame="0" z_index="1" m_a="-3.675500" m_b="-0.965513" m_c="1.450232" m_d="-5.520723" m_tx="31.486641" m_ty="-230.025116"/>
   <element name="FX" layername="FX" frame="0" z_index="2" m_a="0.174404" m_b="2.642125" m_c="-4.640169" m_d="0.306292" m_tx="33.198494" m_ty="-225.716309"/>
   <element name="FX" layername="FX_2" frame="0" z_index="3" m_a="-3.853227" m_b="-1.837370" m_c="3.072929" m_d="-6.444372" m_tx="28.238241" m_ty="-228.328568"/>
  </frame>
  <frame idx="1675" w="8483" h="10861" x="-591.167969" y="-2707.633301">
   <element name="FX" layername="FX" frame="0" z_index="1" m_a="-3.551805" m_b="-0.530214" m_c="0.799220" m_d="-5.353829" m_tx="30.090160" m_ty="-235.457108"/>
   <element name="FX" layername="FX" frame="0" z_index="2" m_a="-0.112936" m_b="2.500015" m_c="-4.406475" m_d="-0.199059" m_tx="31.706909" m_ty="-231.387680"/>
   <element name="FX" layername="FX_2" frame="0" z_index="3" m_a="-3.428895" m_b="-2.125349" m_c="3.559690" m_d="-5.742964" m_tx="27.022228" m_ty="-233.854813"/>
  </frame>
  <frame idx="1700" w="8435" h="9921" x="-356.967041" y="-2477.644287">
   <element name="FX" layername="FX" frame="0" z_index="1" m_a="-3.379488" m_b="-0.133511" m_c="0.202047" m_d="-5.114293" m_tx="28.693680" m_ty="-240.889099"/>
   <element name="FX" layername="FX" frame="0" z_index="2" m_a="-0.366710" m_b="2.328555" m_c="-4.120883" m_d="-0.648972" m_tx="30.215326" m_ty="-237.059052"/>
   <element name="FX" layername="FX_2" frame="0" z_index="3" m_a="-2.990301" m_b="-2.343899" m_c="3.932084" m_d="-5.016478" m_tx="25.806213" m_ty="-239.381058"/>
  </frame>
  <frame idx="1725" w="8243" h="8913" x="-146.212158" y="-2233.706055">
   <element name="FX" layername="FX" frame="0" z_index="1" m_a="-3.165489" m_b="0.219446" m_c="-0.333580" m_d="-4.811862" m_tx="27.297199" m_ty="-246.321091"/>
   <element name="FX" layername="FX" frame="0" z_index="2" m_a="-0.584145" m_b="2.133416" m_c="-3.792770" m_d="-1.038489" m_tx="28.723743" m_ty="-242.730423"/>
   <element name="FX" layername="FX_2" frame="0" z_index="3" m_a="-2.547379" m_b="-2.493619" m_c="4.190901" m_d="-4.281251" m_tx="24.590200" m_ty="-244.907318"/>
  </frame>
  <frame idx="1750" w="7919" h="7860" x="38.489990" y="-1981.953613">
   <element name="FX" layername="FX" frame="0" z_index="1" m_a="-2.917262" m_b="0.524566" m_c="-0.801444" m_d="-4.457057" m_tx="25.900717" m_ty="-251.753082"/>
   <element name="FX" layername="FX" frame="0" z_index="2" m_a="-0.763319" m_b="1.920498" m_c="-3.431933" m_d="-1.364053" m_tx="27.232159" m_ty="-248.401794"/>
   <element name="FX" layername="FX_2" frame="0" z_index="3" m_a="-2.109729" m_b="-2.576434" m_c="4.339099" m_d="-3.553098" m_tx="23.374186" m_ty="-250.433563"/>
  </frame>
  <frame idx="1775" w="7484" h="6791" x="195.153320" y="-1728.423340">
   <element name="FX" layername="FX" frame="0" z_index="1" m_a="-2.642626" m_b="0.778854" m_c="-1.196877" m_d="-4.060964" m_tx="24.504238" m_ty="-257.185089"/>
   <element name="FX" layername="FX" frame="0" z_index="2" m_a="-0.903157" m_b="1.695814" m_c="-3.048404" m_d="-1.623520" m_tx="25.740578" m_ty="-254.073166"/>
   <element name="FX" layername="FX_2" frame="0" z_index="3" m_a="-1.686457" m_b="-2.595518" m_c="4.381699" m_d="-2.847041" m_tx="22.158173" m_ty="-255.959808"/>
  </frame>
  <frame idx="1800" w="6951" h="5987" x="322.437744" y="-1557.038086">
   <element name="FX" layername="FX" frame="0" z_index="1" m_a="-2.349619" m_b="0.980445" m_c="-1.516816" m_d="-3.635022" m_tx="23.107756" m_ty="-262.617065"/>
   <element name="FX" layername="FX" frame="0" z_index="2" m_a="-1.003438" m_b="1.465376" m_c="-2.652248" m_d="-1.816166" m_tx="24.248993" m_ty="-259.744537"/>
   <element name="FX" layername="FX_2" frame="0" z_index="3" m_a="-1.286011" m_b="-2.555208" m_c="4.325635" m_d="-2.177049" m_tx="20.942158" m_ty="-261.486053"/>
  </frame>
  <frame idx="1825" w="6343" h="5285" x="419.394775" y="-1416.715698">
   <element name="FX" layername="FX" frame="0" z_index="1" m_a="-2.046343" m_b="1.128605" m_c="-1.759804" m_d="-3.190811" m_tx="21.711277" m_ty="-268.049072"/>
   <element name="FX" layername="FX" frame="0" z_index="2" m_a="-1.064780" m_b="1.235081" m_c="-2.253384" m_d="-1.942671" m_tx="22.757412" m_ty="-265.415894"/>
   <element name="FX" layername="FX_2" frame="0" z_index="3" m_a="-0.916041" m_b="-2.460900" m_c="4.179592" m_d="-1.555804" m_tx="19.726145" m_ty="-267.012299"/>
  </frame>
  <frame idx="1850" w="6253" h="4626" x="312.173828" y="-1225.761719">
   <element name="FX" layername="FX" frame="0" z_index="1" m_a="-1.740816" m_b="1.223728" m_c="-1.925999" m_d="-2.739832" m_tx="20.314796" m_ty="-273.481079"/>
   <element name="FX" layername="FX" frame="0" z_index="2" m_a="-1.088608" m_b="1.010601" m_c="-1.861389" m_d="-2.005067" m_tx="21.265827" m_ty="-271.087280"/>
   <element name="FX" layername="FX_2" frame="0" z_index="3" m_a="-0.583278" m_b="-2.318917" m_c="3.953788" m_d="-0.994498" m_tx="18.510130" m_ty="-272.538544"/>
  </frame>
  <frame idx="1875" w="6024" h="3988" x="206.762695" y="-1023.219971">
   <element name="FX" layername="FX" frame="0" z_index="1" m_a="-1.440824" m_b="1.267301" m_c="-2.017117" m_d="-2.293308" m_tx="18.918316" m_ty="-278.913055"/>
   <element name="FX" layername="FX" frame="0" z_index="2" m_a="-1.077109" m_b="0.797274" m_c="-1.485334" m_d="-2.006671" m_tx="19.774246" m_ty="-276.758667"/>
   <element name="FX" layername="FX_2" frame="0" z_index="3" m_a="-0.293418" m_b="-2.136376" m_c="3.659764" m_d="-0.502646" m_tx="17.294117" m_ty="-278.064789"/>
  </frame>
  <frame idx="1900" w="5672" h="3490" x="105.674561" y="-877.364380">
   <element name="FX" layername="FX" frame="0" z_index="1" m_a="-1.153779" m_b="1.261859" m_c="-2.036386" m_d="-1.861967" m_tx="17.521835" m_ty="-284.345032"/>
   <element name="FX" layername="FX" frame="0" z_index="2" m_a="-1.033177" m_b="0.600013" m_c="-1.133612" m_d="-1.951993" m_tx="18.282661" m_ty="-282.430023"/>
   <element name="FX" layername="FX_2" frame="0" z_index="3" m_a="-0.051037" m_b="-1.921038" m_c="3.310129" m_d="-0.087941" m_tx="16.078102" m_ty="-283.591034"/>
  </frame>
  <frame idx="1925" w="5250" h="3329" x="42.594238" y="-847.494141">
   <element name="FX" layername="FX" frame="0" z_index="1" m_a="-0.886587" m_b="1.210917" m_c="-1.988445" m_d="-1.455864" m_tx="16.125355" m_ty="-289.777039"/>
   <element name="FX" layername="FX" frame="0" z_index="2" m_a="-0.960339" m_b="0.423212" m_c="-0.813791" m_d="-1.846628" m_tx="16.791080" m_ty="-288.101379"/>
   <element name="FX" layername="FX_2" frame="0" z_index="3" m_a="0.140479" m_b="-1.681141" m_c="2.918304" m_d="0.243858" m_tx="14.862089" m_ty="-289.117279"/>
  </frame>
  <frame idx="1950" w="4743" h="3094" x="-12.089844" y="-807.186646">
   <element name="FX" layername="FX" frame="0" z_index="1" m_a="-0.645525" m_b="1.118887" m_c="-1.879237" m_d="-1.084198" m_tx="14.728874" m_ty="-295.209045"/>
   <element name="FX" layername="FX" frame="0" z_index="2" m_a="-0.862681" m_b="0.270670" m_c="-0.532479" m_d="-1.697120" m_tx="15.299496" m_ty="-293.772766"/>
   <element name="FX" layername="FX_2" frame="0" z_index="3" m_a="0.278976" m_b="-1.425238" m_c="2.498242" m_d="0.489007" m_tx="13.646074" m_ty="-294.643524"/>
  </frame>
  <frame idx="1975" w="4160" h="2868" x="-68.037964" y="-692.554321">
   <element name="FX" layername="FX" frame="0" z_index="1" m_a="-0.436129" m_b="0.990985" m_c="-1.715876" m_d="-0.755150" m_tx="13.332394" m_ty="-300.641022"/>
   <element name="FX" layername="FX" frame="0" z_index="2" m_a="-0.744751" m_b="0.145526" m_c="-0.295219" m_d="-1.510823" m_tx="13.807915" m_ty="-299.444153"/>
   <element name="FX" layername="FX_2" frame="0" z_index="3" m_a="0.363566" m_b="-1.162021" m_c="2.064158" m_d="0.645820" m_tx="12.430061" m_ty="-300.169769"/>
  </frame>
  <frame idx="2000" w="3523" h="2593" x="-123.527588" y="-572.085571">
   <element name="FX" layername="FX" frame="0" z_index="1" m_a="-0.263098" m_b="0.833116" m_c="-1.506487" m_d="-0.475748" m_tx="11.935913" m_ty="-306.073029"/>
   <element name="FX" layername="FX" frame="0" z_index="2" m_a="-0.611467" m_b="0.050200" m_c="-0.106378" m_d="-1.295739" m_tx="12.316330" m_ty="-305.115509"/>
   <element name="FX" layername="FX_2" frame="0" z_index="3" m_a="0.394615" m_b="-0.900154" m_c="1.630235" m_d="0.714672" m_tx="11.214046" m_ty="-305.696014"/>
  </frame>
  <frame idx="2025" w="2855" h="2257" x="-176.864014" y="-483.631226">
   <element name="FX" layername="FX" frame="0" z_index="1" m_a="-0.130211" m_b="0.651754" m_c="-1.260050" m_d="-0.251739" m_tx="10.539433" m_ty="-311.505005"/>
   <element name="FX" layername="FX" frame="0" z_index="2" m_a="-0.468015" m_b="-0.013643" m_c="0.030910" m_d="-1.060350" m_tx="10.824749" m_ty="-310.786865"/>
   <element name="FX" layername="FX_2" frame="0" z_index="3" m_a="0.373734" m_b="-0.648099" m_c="1.210358" m_d="0.697967" m_tx="9.998034" m_ty="-311.222260"/>
  </frame>
  <frame idx="2050" w="2181" h="1877" x="-226.419678" y="-430.088928">
   <element name="FX" layername="FX" frame="0" z_index="1" m_a="-0.040263" m_b="0.453814" m_c="-0.986206" m_d="-0.087497" m_tx="9.142952" m_ty="-316.937012"/>
   <element name="FX" layername="FX" frame="0" z_index="2" m_a="-0.319735" m_b="-0.045123" m_c="0.114797" m_d="-0.813442" m_tx="9.333164" m_ty="-316.458252"/>
   <element name="FX" layername="FX_2" frame="0" z_index="3" m_a="0.303727" m_b="-0.413946" m_c="0.817828" m_d="0.600071" m_tx="8.782019" m_ty="-316.748505"/>
  </frame>
  <frame idx="2075" w="1525" h="1433" x="-271.773438" y="-401.436707">
   <element name="FX" layername="FX" frame="0" z_index="1" m_a="0.004983" m_b="0.246508" m_c="-0.695066" m_d="0.014049" m_tx="7.746471" m_ty="-322.369019"/>
   <element name="FX" layername="FX" frame="0" z_index="2" m_a="-0.172017" m_b="-0.044153" m_c="0.144748" m_d="-0.563924" m_tx="7.841583" m_ty="-322.129639"/>
   <element name="FX" layername="FX_2" frame="0" z_index="3" m_a="0.188532" m_b="-0.205262" m_c="0.465117" m_d="0.427208" m_tx="7.566006" m_ty="-322.274750"/>
  </frame>
 </anim>
</Anims>
